Phase,Trial,Player_ID,Player_Index,Skill_Mu,Skill_Sigma,KL_Weight
stage2,0,1,0,1.0258879661560059,0.6579431891441345,0.0351
stage2,0,3,1,-0.029233179986476898,0.9612987637519836,0.0351
stage2,0,6,2,-0.004388469271361828,0.9979454874992371,0.0351
stage2,0,7,3,0.24239426851272583,0.8990828394889832,0.0351
stage2,0,8,4,-0.0161827951669693,0.9116939902305603,0.0351
stage2,0,9,5,-0.027094323188066483,0.8350765109062195,0.0351
stage2,0,10,6,0.380444198846817,0.9121853113174438,0.0351
stage2,0,12,7,-0.2531135380268097,0.9306049346923828,0.0351
stage2,0,13,8,-0.17139799892902374,0.9597894549369812,0.0351
stage2,0,14,9,0.3435402810573578,0.8269240260124207,0.0351
stage2,0,15,10,0.018963370472192764,0.997036337852478,0.0351
stage2,0,16,11,0.0006200974457897246,0.9998082518577576,0.0351
stage2,0,17,12,0.09547566622495651,0.8457540273666382,0.0351
stage2,0,18,13,-0.08898436278104782,0.9037805199623108,0.0351
stage2,0,19,14,0.025102810934185982,0.997901439666748,0.0351
stage2,0,20,15,0.2678585648536682,0.8965038061141968,0.0351
stage2,0,21,16,0.041622310876846313,1.0000547170639038,0.0351
stage2,0,22,17,-0.06624018400907516,0.9977331161499023,0.0351
stage2,0,23,18,0.5073787569999695,0.7534757852554321,0.0351
stage2,0,24,19,0.15196138620376587,0.9914646744728088,0.0351
stage2,0,25,20,0.040217701345682144,0.9994231462478638,0.0351
stage2,0,26,21,0.22526998817920685,0.8580009341239929,0.0351
stage2,0,27,22,-0.15263554453849792,0.9004380106925964,0.0351
stage2,0,28,23,-0.011987460777163506,0.9937697649002075,0.0351
stage2,0,29,24,0.01409362256526947,0.9980190396308899,0.0351
stage2,0,31,25,0.3458957374095917,0.8684080243110657,0.0351
stage2,0,33,26,-0.02521001175045967,0.9915115237236023,0.0351
stage2,0,34,27,-0.08112924546003342,0.8463143110275269,0.0351
stage2,0,36,28,0.42899712920188904,0.8946418166160583,0.0351
stage2,0,37,29,-0.05271469056606293,0.9891287684440613,0.0351
stage2,0,38,30,0.1007905900478363,0.9956347942352295,0.0351
stage2,0,39,31,0.12671419978141785,0.9577932357788086,0.0351
stage2,0,40,32,-0.26420876383781433,0.7457194328308105,0.0351
stage2,0,41,33,-0.1602012813091278,0.9685009717941284,0.0351
stage2,0,43,34,0.15495182573795319,0.9764561057090759,0.0351
stage2,0,46,35,0.1446106880903244,0.9439306259155273,0.0351
stage2,0,47,36,-0.013408838771283627,0.9993971586227417,0.0351
stage2,0,48,37,-0.07062409073114395,0.9883275032043457,0.0351
stage2,0,52,38,-0.2440459430217743,0.9078067541122437,0.0351
stage2,0,53,39,0.012322559952735901,0.8522747755050659,0.0351
stage2,0,55,40,0.5341466069221497,0.6906947493553162,0.0351
stage2,0,56,41,-0.02980821207165718,0.7922453284263611,0.0351
stage2,0,57,42,0.033214129507541656,0.9992066025733948,0.0351
stage2,0,58,43,-0.009693047031760216,0.9990343451499939,0.0351
stage2,0,59,44,-0.23977462947368622,0.9133129715919495,0.0351
stage2,0,60,45,0.032505955547094345,0.9880978465080261,0.0351
stage2,0,61,46,0.2684660851955414,0.8272190093994141,0.0351
stage2,0,62,47,0.2760232985019684,0.9345064759254456,0.0351
stage2,0,63,48,0.2079426795244217,0.9255594611167908,0.0351
stage2,0,64,49,0.2957470715045929,0.8903664946556091,0.0351
stage2,0,65,50,-0.18533676862716675,0.9629804491996765,0.0351
stage2,0,66,51,0.05441423878073692,0.9785202741622925,0.0351
stage2,0,67,52,-0.006228863261640072,0.9990211129188538,0.0351
stage2,0,68,53,-0.11574466526508331,0.9240870475769043,0.0351
stage2,0,69,54,0.34983882308006287,0.8160467147827148,0.0351
stage2,0,71,55,0.05339742824435234,0.9532626271247864,0.0351
stage2,0,72,56,0.0834154337644577,0.9734673500061035,0.0351
stage2,0,75,57,0.036272287368774414,0.8844541311264038,0.0351
stage2,0,76,58,0.4624640643596649,0.8214470148086548,0.0351
stage2,0,77,59,0.4999547004699707,0.8107072114944458,0.0351
stage2,0,79,60,-0.009092286229133606,0.9970661997795105,0.0351
stage2,0,81,61,0.803682804107666,0.6807782053947449,0.0351
stage2,0,82,62,-0.02052457630634308,0.9919481873512268,0.0351
stage2,0,83,63,-0.2245865762233734,0.8067962527275085,0.0351
stage2,0,84,64,-0.02307315543293953,0.9996109008789062,0.0351
stage2,0,85,65,-0.040889922529459,0.9981935620307922,0.0351
stage2,0,86,66,-0.10248108208179474,0.9603489637374878,0.0351
stage2,0,87,67,-0.10897896438837051,0.9419143199920654,0.0351
stage2,0,88,68,-0.06760603934526443,0.9754030108451843,0.0351
stage2,0,89,69,-0.09922265261411667,0.9390051364898682,0.0351
stage2,0,91,70,0.13448017835617065,0.8941190242767334,0.0351
stage2,0,92,71,-0.1040894091129303,0.901584804058075,0.0351
stage2,0,93,72,0.07571755349636078,0.9827326536178589,0.0351
stage2,0,95,73,0.0474986732006073,0.9080925583839417,0.0351
stage2,0,96,74,-0.03887033835053444,0.9995412826538086,0.0351
stage2,0,97,75,0.009865187108516693,0.9999983310699463,0.0351
stage2,0,98,76,-0.014358382672071457,0.9902007579803467,0.0351
stage2,0,101,77,0.012866462580859661,0.9880061149597168,0.0351
stage2,0,103,78,0.059121862053871155,0.9795109629631042,0.0351
stage2,0,104,79,0.012294667772948742,0.896579384803772,0.0351
stage2,0,105,80,0.18413786590099335,0.8231842517852783,0.0351
stage2,0,106,81,-0.008977890014648438,0.8419837355613708,0.0351
stage2,0,107,82,-0.07092202454805374,0.9351969361305237,0.0351
stage2,0,108,83,0.47463902831077576,0.7361983060836792,0.0351
stage2,0,109,84,0.41614094376564026,0.7218868136405945,0.0351
stage2,0,111,85,0.004345746710896492,0.9672049283981323,0.0351
stage2,0,115,86,-0.009178627282381058,0.920688807964325,0.0351
stage2,0,118,87,0.09162458777427673,0.9879895448684692,0.0351
stage2,0,119,88,0.18190798163414001,0.9234890937805176,0.0351
stage2,0,120,89,-0.00699284952133894,0.9996855854988098,0.0351
stage2,0,122,90,0.01912790909409523,0.9160148501396179,0.0351
stage2,0,123,91,-0.022018881514668465,0.9865188598632812,0.0351
stage2,0,124,92,0.17856274545192719,0.9888709187507629,0.0351
stage2,0,125,93,-0.14880019426345825,0.9206634759902954,0.0351
stage2,0,127,94,-0.09568167477846146,0.9617223739624023,0.0351
stage2,0,131,95,0.35812968015670776,0.8838363289833069,0.0351
stage2,0,132,96,1.1320918798446655,0.6476812958717346,0.0351
stage2,0,133,97,0.024669397622346878,0.8209233283996582,0.0351
stage2,0,136,98,-0.013453938066959381,0.999431312084198,0.0351
stage2,0,139,99,-0.03235907852649689,0.9993781447410583,0.0351
stage2,0,141,100,-0.08546822518110275,0.9714791774749756,0.0351
stage2,0,142,101,0.28116777539253235,0.9216145873069763,0.0351
stage2,0,143,102,0.04865103214979172,0.9577361345291138,0.0351
stage2,0,144,103,-0.1187131330370903,0.9796436429023743,0.0351
stage2,0,146,104,0.003934463020414114,0.9998590350151062,0.0351
stage2,0,147,105,0.12984603643417358,0.80645352602005,0.0351
stage2,0,148,106,0.15150687098503113,0.9920656681060791,0.0351
stage2,0,151,107,0.009710555896162987,0.9998407363891602,0.0351
stage2,0,152,108,-0.09598669409751892,0.9819192886352539,0.0351
stage2,0,153,109,0.02744363620877266,0.9853703379631042,0.0351
stage2,0,154,110,-0.007678234949707985,0.9999979734420776,0.0351
stage2,0,155,111,-0.004430084489285946,0.7852753400802612,0.0351
stage2,0,156,112,0.0020753415301442146,0.9104049205780029,0.0351
stage2,0,158,113,0.012248492799699306,0.9994687438011169,0.0351
stage2,0,159,114,-0.12120843678712845,0.9786107540130615,0.0351
stage2,0,160,115,-0.05536680296063423,0.7933261394500732,0.0351
stage2,0,162,116,-0.18547430634498596,0.9641046524047852,0.0351
stage2,0,164,117,0.17439430952072144,0.9778371453285217,0.0351
stage2,0,167,118,-0.08449458330869675,0.9953427314758301,0.0351
stage2,0,169,119,0.13531488180160522,0.72098308801651,0.0351
stage2,0,170,120,-0.03742184117436409,0.9920647144317627,0.0351
stage2,0,171,121,-0.014804675243794918,0.9969784617424011,0.0351
stage2,0,172,122,0.004353747703135014,1.0002071857452393,0.0351
stage2,0,173,123,-0.0533723421394825,0.8760223388671875,0.0351
stage2,0,174,124,-0.1169145330786705,0.9984568357467651,0.0351
stage2,0,175,125,-0.010946680791676044,0.7690790891647339,0.0351
stage2,0,176,126,0.3373945951461792,0.9223913550376892,0.0351
stage2,0,177,127,-0.05371483415365219,0.9873937368392944,0.0351
stage2,0,178,128,0.31439751386642456,0.7546553015708923,0.0351
stage2,0,179,129,-0.01316857524216175,0.9999028444290161,0.0351
stage2,0,181,130,-0.022975102066993713,0.9819947481155396,0.0351
stage2,0,183,131,-0.0026233834214508533,0.9944875836372375,0.0351
stage2,0,187,132,0.06581731140613556,0.9574084877967834,0.0351
stage2,0,188,133,0.03193794935941696,0.8123345375061035,0.0351
stage2,0,190,134,0.07964947074651718,0.8595886826515198,0.0351
stage2,0,191,135,0.06872129440307617,0.9153768420219421,0.0351
stage2,0,192,136,0.050230033695697784,0.8762534260749817,0.0351
stage2,0,193,137,0.21319812536239624,0.7834299802780151,0.0351
stage2,0,196,138,-0.1987113356590271,0.9013055562973022,0.0351
stage2,0,197,139,0.1568906605243683,0.9657031297683716,0.0351
stage2,0,198,140,0.052510250359773636,0.8474171161651611,0.0351
stage2,0,200,141,-0.053896162658929825,0.9967698454856873,0.0351
stage2,0,202,142,0.43754032254219055,0.6750105023384094,0.0351
stage2,0,204,143,-0.09442728012800217,0.9812605381011963,0.0351
stage2,0,205,144,0.2174617350101471,0.7696002125740051,0.0351
stage2,0,206,145,0.04443250969052315,0.9919866919517517,0.0351
stage2,0,208,146,-0.42727646231651306,0.9643770456314087,0.0351
stage2,0,209,147,-0.02183532528579235,0.9986509680747986,0.0351
stage2,0,211,148,0.2944371998310089,0.7449148297309875,0.0351
stage2,0,214,149,0.23722997307777405,0.8594790101051331,0.0351
stage2,0,217,150,-0.012932374142110348,0.9998640418052673,0.0351
stage2,0,221,151,0.052850134670734406,0.9155825972557068,0.0351
stage2,0,222,152,-0.17261241376399994,0.956484854221344,0.0351
stage2,0,223,153,-0.16425789892673492,0.9913132190704346,0.0351
stage2,0,224,154,0.033012937754392624,0.9942346215248108,0.0351
stage2,0,225,155,0.4399585425853729,0.7591620683670044,0.0351
stage2,0,226,156,0.038333870470523834,0.9955785870552063,0.0351
stage2,0,227,157,-0.22005662322044373,0.8115047216415405,0.0351
stage2,0,230,158,0.14846476912498474,0.967513918876648,0.0351
stage2,0,231,159,0.025375712662935257,0.9999182820320129,0.0351
stage2,0,233,160,-0.02551964856684208,0.9654261469841003,0.0351
stage2,0,234,161,0.2517678141593933,0.699995756149292,0.0351
stage2,0,235,162,-0.020176034420728683,0.9981048107147217,0.0351
stage2,0,238,163,-0.0059964414685964584,0.9944683313369751,0.0351
stage2,0,239,164,-0.03980638459324837,0.9907548427581787,0.0351
stage2,0,242,165,-0.04404041916131973,0.9997588992118835,0.0351
stage2,0,243,166,0.05816318839788437,0.977766752243042,0.0351
stage2,0,244,167,-0.0846080556511879,0.9896376132965088,0.0351
stage2,0,245,168,0.32789120078086853,0.6808638572692871,0.0351
stage2,0,253,169,0.021229412406682968,0.9724709987640381,0.0351
stage2,0,255,170,-0.06648901849985123,0.9903545379638672,0.0351
stage2,0,256,171,-0.24159973859786987,0.9640190005302429,0.0351
stage2,0,257,172,0.35158151388168335,0.9235382676124573,0.0351
stage2,0,258,173,-0.022895412519574165,0.8333961963653564,0.0351
stage2,0,260,174,0.20594176650047302,0.761488676071167,0.0351
stage2,0,262,175,0.016231602057814598,0.9995627403259277,0.0351
stage2,0,263,176,-0.017016952857375145,0.9999781250953674,0.0351
stage2,0,264,177,-0.0631580501794815,0.9210349917411804,0.0351
stage2,0,265,178,0.12985368072986603,0.9891855716705322,0.0351
stage2,0,270,179,0.3882938623428345,0.8321630358695984,0.0351
stage2,0,273,180,-0.05758314207196236,1.0002995729446411,0.0351
stage2,0,276,181,0.000822905043605715,0.9825344085693359,0.0351
stage2,0,278,182,-0.22520118951797485,0.94264155626297,0.0351
stage2,0,280,183,-0.1316913515329361,0.9892893433570862,0.0351
stage2,0,285,184,-0.00721288938075304,0.9999963045120239,0.0351
stage2,0,287,185,0.054840054363012314,0.7372615337371826,0.0351
stage2,0,289,186,0.19709323346614838,0.8123663663864136,0.0351
stage2,0,291,187,-0.006406981963664293,0.9993529915809631,0.0351
stage2,0,292,188,0.10485468059778214,0.8746543526649475,0.0351
stage2,0,294,189,0.1596757471561432,0.924863338470459,0.0351
stage2,0,295,190,-0.169842928647995,0.9740992188453674,0.0351
stage2,0,296,191,0.010187000967562199,1.000000238418579,0.0351
stage2,0,298,192,0.2538588345050812,0.7130478024482727,0.0351
stage2,0,301,193,0.37717926502227783,0.841693639755249,0.0351
stage2,0,306,194,-0.1185576319694519,0.9831041097640991,0.0351
stage2,0,309,195,0.2600270211696625,0.8411228656768799,0.0351
stage2,0,313,196,-0.08358537405729294,0.9961848258972168,0.0351
stage2,0,315,197,0.34934866428375244,0.8030069470405579,0.0351
stage2,0,316,198,-0.0038452751468867064,0.9999655485153198,0.0351
stage2,0,317,199,-0.46809086203575134,0.8705180287361145,0.0351
stage2,0,320,200,-0.01722712628543377,0.9973104596138,0.0351
stage2,0,321,201,-0.0020046294666826725,1.0000144243240356,0.0351
stage2,0,325,202,-0.08128367364406586,0.9722861051559448,0.0351
stage2,0,328,203,0.09808081388473511,0.9005028009414673,0.0351
stage2,0,329,204,0.018795588985085487,0.9999030828475952,0.0351
stage2,0,334,205,0.011731738224625587,0.9565149545669556,0.0351
stage2,0,335,206,-0.013243600726127625,0.9947580099105835,0.0351
stage2,0,337,207,-0.12602899968624115,0.9967142939567566,0.0351
stage2,0,341,208,0.006560690701007843,0.9994809031486511,0.0351
stage2,0,343,209,0.3183445632457733,0.8659339547157288,0.0351
stage2,0,346,210,-0.010325932875275612,0.9994065761566162,0.0351
stage2,0,347,211,0.11897577345371246,0.9531403183937073,0.0351
stage2,0,348,212,0.013288267888128757,0.999992847442627,0.0351
stage2,0,349,213,-0.1689203381538391,0.9863054752349854,0.0351
stage2,0,350,214,-0.05847956985235214,0.9818341135978699,0.0351
stage2,0,351,215,0.44990020990371704,0.6825438737869263,0.0351
stage2,0,352,216,-0.18345412611961365,0.9471669793128967,0.0351
stage2,0,353,217,0.05358278378844261,0.9000743627548218,0.0351
stage2,0,355,218,0.9081078171730042,0.6544239521026611,0.0351
stage2,0,356,219,-0.21961528062820435,0.893781304359436,0.0351
stage2,0,357,220,-0.004934313241392374,0.9997720122337341,0.0351
stage2,0,359,221,-0.03848113864660263,0.9834437370300293,0.0351
stage2,0,360,222,0.09796607494354248,0.8141465783119202,0.0351
stage2,0,363,223,-0.2473643571138382,0.9430180191993713,0.0351
stage2,0,365,224,-0.06916933506727219,0.9107538461685181,0.0351
stage2,0,367,225,-0.515897810459137,0.8817041516304016,0.0351
stage2,0,369,226,-0.0941377505660057,0.9854024648666382,0.0351
stage2,0,370,227,-0.010426348075270653,0.9885329008102417,0.0351
stage2,0,371,228,0.028152592480182648,0.7301503419876099,0.0351
stage2,0,374,229,0.3256128430366516,0.8381370902061462,0.0351
stage2,0,376,230,-0.20538632571697235,0.874329149723053,0.0351
stage2,0,377,231,0.4693959057331085,0.700603723526001,0.0351
stage2,0,378,232,-0.24165429174900055,0.9644532203674316,0.0351
stage2,0,379,233,-0.0155730489641428,0.9996936917304993,0.0351
stage2,0,383,234,-0.036882560700178146,0.9998533725738525,0.0351
stage2,0,384,235,0.06595183163881302,0.987606406211853,0.0351
stage2,0,385,236,-0.0467202290892601,0.9191426038742065,0.0351
stage2,0,387,237,-0.017712829634547234,0.9939300417900085,0.0351
stage2,0,388,238,-0.01785319857299328,0.9711759090423584,0.0351
stage2,0,390,239,0.09720713645219803,0.9010664820671082,0.0351
stage2,0,391,240,-0.24868537485599518,0.9588967561721802,0.0351
stage2,0,392,241,0.14149640500545502,0.8242599964141846,0.0351
stage2,0,393,242,0.022315096110105515,0.9489961266517639,0.0351
stage2,0,395,243,0.04354507848620415,0.9942554235458374,0.0351
stage2,0,399,244,0.01880982331931591,0.9919036626815796,0.0351
stage2,0,400,245,0.0035216284450143576,0.9715515375137329,0.0351
stage2,0,401,246,-0.030513962730765343,0.9992806911468506,0.0351
stage2,0,402,247,-0.0033931410871446133,0.980276346206665,0.0351
stage2,0,405,248,-0.09269095212221146,0.9942159652709961,0.0351
stage2,0,407,249,-0.03638526797294617,0.9927783012390137,0.0351
stage2,0,408,250,-0.16759589314460754,0.9695999622344971,0.0351
stage2,0,409,251,0.02629360929131508,0.9921616911888123,0.0351
stage2,0,410,252,0.08398520201444626,0.9134628772735596,0.0351
stage2,0,411,253,-0.04355503246188164,0.9942967891693115,0.0351
stage2,0,413,254,0.1888241171836853,0.7678782343864441,0.0351
stage2,0,414,255,-0.0146930618211627,1.000251293182373,0.0351
stage2,0,417,256,-0.359313428401947,0.9343459010124207,0.0351
stage2,0,419,257,-0.012500153854489326,0.9996668696403503,0.0351
stage2,0,420,258,-0.2928510010242462,0.8506312966346741,0.0351
stage2,0,421,259,-0.038878653198480606,0.9781046509742737,0.0351
stage2,0,422,260,-0.05877655744552612,0.9855069518089294,0.0351
stage2,0,423,261,0.15084166824817657,0.8789862990379333,0.0351
stage2,0,424,262,-0.010763109661638737,0.8219926953315735,0.0351
stage2,0,426,263,0.3576723039150238,0.7319530248641968,0.0351
stage2,0,427,264,0.2106485366821289,0.7885761857032776,0.0351
stage2,0,428,265,0.3882311284542084,0.729595959186554,0.0351
stage2,0,429,266,-0.34296494722366333,0.8968816995620728,0.0351
stage2,0,431,267,-0.1558919996023178,0.9566258788108826,0.0351
stage2,0,432,268,-0.023715535178780556,0.8750137686729431,0.0351
stage2,0,433,269,-0.4848291575908661,0.904879093170166,0.0351
stage2,0,434,270,0.43435433506965637,0.7249562740325928,0.0351
stage2,0,435,271,-0.10290888696908951,0.9537561535835266,0.0351
stage2,0,436,272,0.1407286524772644,0.791034996509552,0.0351
stage2,0,437,273,0.17974026501178741,0.7419782280921936,0.0351
stage2,0,438,274,0.8032146096229553,0.6738321185112,0.0351
stage2,0,439,275,-0.009776621125638485,0.9982228875160217,0.0351
stage2,0,440,276,-0.10968326777219772,0.9576529264450073,0.0351
stage2,0,441,277,0.013755835592746735,0.9938874244689941,0.0351
stage2,0,442,278,-0.08689764142036438,0.9553595185279846,0.0351
stage2,0,443,279,-0.3503141403198242,0.9362475872039795,0.0351
stage2,0,444,280,-0.08937910199165344,0.9987474083900452,0.0351
stage2,0,446,281,-0.009536811150610447,0.9999960064888,0.0351
stage2,0,447,282,-0.26443779468536377,0.8732686638832092,0.0351
stage2,0,448,283,-0.11015043407678604,0.9482131600379944,0.0351
stage2,0,449,284,-0.08717194944620132,0.9850132465362549,0.0351
stage2,0,450,285,-0.28161096572875977,0.8869291543960571,0.0351
stage2,0,452,286,0.1012980192899704,0.7622172236442566,0.0351
stage2,0,456,287,-0.09373132139444351,0.9828920364379883,0.0351
stage2,0,458,288,0.0959610864520073,0.9862374067306519,0.0351
stage2,0,459,289,-0.007244823966175318,0.9317337870597839,0.0351
stage2,0,461,290,-0.0042287856340408325,0.9999778866767883,0.0351
stage2,0,462,291,-0.062159214168787,0.9893347024917603,0.0351
stage2,0,463,292,-0.19672460854053497,0.9829960465431213,0.0351
stage2,0,464,293,-0.037268172949552536,0.998111367225647,0.0351
stage2,0,465,294,0.5246155858039856,0.709790050983429,0.0351
stage2,0,466,295,-0.2659515142440796,0.9519090056419373,0.0351
stage2,0,467,296,-0.029682626947760582,0.9379814267158508,0.0351
stage2,0,468,297,0.1986563801765442,0.9113363027572632,0.0351
stage2,0,469,298,-0.01111107412725687,1.0000046491622925,0.0351
stage2,0,470,299,0.03136599808931351,0.9856731295585632,0.0351
stage2,0,472,300,-0.016111796721816063,0.9987224340438843,0.0351
stage2,0,473,301,-0.16625773906707764,0.9411063194274902,0.0351
stage2,0,474,302,0.03266769275069237,0.9988790154457092,0.0351
stage2,0,475,303,0.30088064074516296,0.711432933807373,0.0351
stage2,0,478,304,-0.060563649982213974,0.9973820447921753,0.0351
stage2,0,480,305,0.7030210494995117,0.6871485114097595,0.0351
stage2,0,481,306,-0.15703085064888,0.9854382872581482,0.0351
stage2,0,482,307,0.0035589246544986963,0.9998012185096741,0.0351
stage2,0,483,308,-0.4678261876106262,0.8599905371665955,0.0351
stage2,0,484,309,-0.005051752086728811,0.999957799911499,0.0351
stage2,0,485,310,0.1231260597705841,0.8849261999130249,0.0351
stage2,0,486,311,0.22298304736614227,0.8536595106124878,0.0351
stage2,0,487,312,-0.03080052137374878,0.9973375797271729,0.0351
stage2,0,489,313,-0.038372527807950974,0.9985281825065613,0.0351
stage2,0,490,314,0.798778772354126,0.6992895603179932,0.0351
stage2,0,491,315,-0.21291740238666534,0.9787800312042236,0.0351
stage2,0,492,316,-0.10868483036756516,0.9635592699050903,0.0351
stage2,0,493,317,-0.01257251389324665,0.776890754699707,0.0351
stage2,0,494,318,0.006330872420221567,0.705321192741394,0.0351
stage2,0,495,319,-0.33469918370246887,0.7123151421546936,0.0351
stage2,0,496,320,-0.16615621745586395,0.8104795217514038,0.0351
stage2,0,497,321,0.08151794224977493,0.7572212815284729,0.0351
stage2,0,498,322,0.12350098043680191,0.8861221075057983,0.0351
stage2,0,499,323,-0.20219451189041138,0.9524941444396973,0.0351
stage2,0,500,324,-0.05470145866274834,0.9984559416770935,0.0351
stage2,0,502,325,-0.06698749214410782,0.9292829632759094,0.0351
stage2,0,503,326,-0.022456709295511246,0.9606673121452332,0.0351
stage2,0,504,327,-0.08779124170541763,0.8640146255493164,0.0351
stage2,0,505,328,-0.0800052210688591,0.9044094085693359,0.0351
stage2,0,506,329,-0.13466137647628784,0.9935076236724854,0.0351
stage2,0,508,330,0.13955561816692352,0.8633933067321777,0.0351
stage2,0,509,331,0.0036333955358713865,0.9714160561561584,0.0351
stage2,0,510,332,0.7653727531433105,0.6691195964813232,0.0351
stage2,0,511,333,-0.002303846413269639,0.843178391456604,0.0351
stage2,0,512,334,0.0054965149611234665,0.911585807800293,0.0351
stage2,0,513,335,0.0758102536201477,0.6858142614364624,0.0351
stage2,0,514,336,-0.03168553113937378,0.9999653100967407,0.0351
stage2,0,515,337,-0.23971408605575562,0.7636065483093262,0.0351
stage2,0,518,338,-0.41979923844337463,0.929190456867218,0.0351
stage2,0,520,339,-0.16791120171546936,0.9652101993560791,0.0351
stage2,0,521,340,0.006217902526259422,0.9848411679267883,0.0351
stage2,0,523,341,-0.026931865140795708,0.995111346244812,0.0351
stage2,0,524,342,-0.16699908673763275,0.9223213195800781,0.0351
stage2,0,526,343,-0.014041880145668983,0.9996495842933655,0.0351
stage2,0,529,344,0.10130057483911514,0.9542893767356873,0.0351
stage2,0,531,345,0.07700499147176743,0.8904959559440613,0.0351
stage2,0,534,346,0.13777105510234833,0.9798446297645569,0.0351
stage2,0,537,347,0.18996739387512207,0.7373228073120117,0.0351
stage2,0,538,348,0.1294490545988083,0.8949643969535828,0.0351
stage2,0,539,349,0.22073602676391602,0.6888163089752197,0.0351
stage2,0,540,350,-0.004287397023290396,0.7678346037864685,0.0351
stage2,0,541,351,0.25321143865585327,0.7130991220474243,0.0351
stage2,0,542,352,-0.26626792550086975,0.8898288607597351,0.0351
stage2,0,543,353,0.04115850105881691,0.667731523513794,0.0351
stage2,0,544,354,0.5041155815124512,0.680804431438446,0.0351
stage2,0,545,355,-0.04342156648635864,0.8402699828147888,0.0351
stage2,0,546,356,0.021181702613830566,0.9120177030563354,0.0351
stage2,0,547,357,0.07650895416736603,0.9713714718818665,0.0351
stage2,0,548,358,-0.09119109809398651,0.8775627017021179,0.0351
stage2,0,549,359,-0.0502270944416523,0.9936539530754089,0.0351
stage2,0,550,360,-0.16071121394634247,0.9756758809089661,0.0351
stage2,0,551,361,-0.02909877337515354,0.9839284420013428,0.0351
stage2,0,552,362,0.4745481312274933,0.738797664642334,0.0351
stage2,0,553,363,-0.006505640689283609,0.9956862330436707,0.0351
stage2,0,554,364,0.008479325100779533,0.9976916313171387,0.0351
stage2,0,555,365,-0.10019155591726303,0.931976854801178,0.0351
stage2,0,556,366,0.0879245474934578,0.7840763330459595,0.0351
stage2,0,557,367,-0.06302610039710999,0.9454156756401062,0.0351
stage2,0,558,368,-0.27806785702705383,0.9130001664161682,0.0351
stage2,0,559,369,-0.04452699050307274,0.9989664554595947,0.0351
stage2,0,560,370,-0.19283832609653473,0.8507073521614075,0.0351
stage2,0,561,371,-0.08088064938783646,0.9955415725708008,0.0351
stage2,0,562,372,-0.044075820595026016,0.9935789108276367,0.0351
stage2,0,563,373,-0.05361485853791237,0.9883584976196289,0.0351
stage2,0,564,374,-0.11258221417665482,0.9067480564117432,0.0351
stage2,0,565,375,-0.006117589306086302,0.9999912977218628,0.0351
stage2,0,566,376,0.07264997810125351,0.9954147934913635,0.0351
stage2,0,567,377,-0.24734866619110107,0.9799798727035522,0.0351
stage2,0,568,378,-0.27478763461112976,0.9573908448219299,0.0351
stage2,0,569,379,0.027456535026431084,0.9933861494064331,0.0351
stage2,0,570,380,0.20505450665950775,0.6933878660202026,0.0351
stage2,0,571,381,-0.14068199694156647,0.9768058657646179,0.0351
stage2,0,572,382,0.06070446968078613,0.9826278686523438,0.0351
stage2,0,573,383,0.6524191498756409,0.7090427875518799,0.0351
stage2,0,574,384,-0.08143694698810577,0.998075544834137,0.0351
stage2,0,575,385,-0.02878929115831852,1.0001757144927979,0.0351
stage2,0,576,386,-0.007370900362730026,0.9993528127670288,0.0351
stage2,0,577,387,0.013247820548713207,0.9953370690345764,0.0351
stage2,0,578,388,-0.1436445116996765,0.9914991855621338,0.0351
stage2,0,579,389,-0.038624342530965805,0.9962530136108398,0.0351
stage2,0,580,390,-0.04405248165130615,0.7718537449836731,0.0351
stage2,0,581,391,0.1591275930404663,0.94634610414505,0.0351
stage2,0,582,392,0.7093700170516968,0.6811238527297974,0.0351
stage2,0,583,393,0.005295860581099987,0.8853639364242554,0.0351
stage2,0,584,394,-0.08845844119787216,0.9728415012359619,0.0351
stage2,0,585,395,0.08937358856201172,0.978705108165741,0.0351
stage2,0,586,396,-0.2018909454345703,0.9661046266555786,0.0351
stage2,0,587,397,-0.2267754077911377,0.970114529132843,0.0351
stage2,0,588,398,-0.06913017481565475,0.7414672374725342,0.0351
stage2,0,589,399,0.004949319642037153,0.9983283877372742,0.0351
stage2,0,590,400,0.26767784357070923,0.8259856700897217,0.0351
stage2,0,591,401,-0.12916550040245056,0.9721071124076843,0.0351
stage2,0,592,402,-0.11589299887418747,0.995895504951477,0.0351
stage2,0,593,403,0.5170403122901917,0.7413469552993774,0.0351
stage2,0,594,404,-0.01228975597769022,0.9997078776359558,0.0351
stage2,0,595,405,-0.007010929752141237,0.765826404094696,0.0351
stage2,0,596,406,-0.08788471668958664,0.9118797779083252,0.0351
stage2,0,597,407,-0.04216446727514267,0.9965037107467651,0.0351
stage2,0,598,408,-0.4114842712879181,0.8790281414985657,0.0351
stage2,0,599,409,0.24826204776763916,0.7030853033065796,0.0351
stage2,0,600,410,0.07509256154298782,0.9372499585151672,0.0351
stage2,0,601,411,-0.21251177787780762,0.9757973551750183,0.0351
stage2,0,602,412,-0.2026602327823639,0.8823845982551575,0.0351
stage2,0,603,413,0.117738738656044,0.9361830949783325,0.0351
stage2,0,604,414,-0.31001120805740356,0.9706544280052185,0.0351
stage2,0,605,415,0.01128061767667532,0.998044490814209,0.0351
stage2,0,606,416,-0.2075994461774826,0.8902655839920044,0.0351
stage2,0,607,417,0.35725218057632446,0.7166793346405029,0.0351
stage2,0,608,418,-0.24077534675598145,0.9014558792114258,0.0351
stage2,0,609,419,0.25751060247421265,0.7293686270713806,0.0351
stage2,0,610,420,0.328648179769516,0.8474411964416504,0.0351
stage2,0,611,421,0.07184644043445587,0.7940475940704346,0.0351
stage2,0,612,422,-0.0910351574420929,0.9551935791969299,0.0351
stage2,0,613,423,-0.2465101182460785,0.9247422814369202,0.0351
stage2,0,614,424,-0.11303692311048508,0.8526936769485474,0.0351
stage2,0,615,425,-0.004625197499990463,0.9941515922546387,0.0351
stage2,0,616,426,-0.014171182177960873,0.99936842918396,0.0351
stage2,0,617,427,-0.01239097025245428,0.9999930262565613,0.0351
stage2,0,618,428,-0.4550040066242218,0.9269837737083435,0.0351
stage2,0,619,429,-0.21513661742210388,0.8307794332504272,0.0351
stage2,0,620,430,-0.01161143183708191,0.999999463558197,0.0351
stage2,0,621,431,-0.0461195707321167,0.9994471073150635,0.0351
stage2,0,622,432,-0.128008171916008,0.9960819482803345,0.0351
stage2,0,623,433,0.6940950751304626,0.6896689534187317,0.0351
stage2,0,624,434,-0.031233493238687515,0.9998541474342346,0.0351
stage2,0,625,435,-0.015535630285739899,0.9995586276054382,0.0351
stage2,0,626,436,-0.014190362766385078,0.9836848974227905,0.0351
stage2,0,627,437,-0.003529093461111188,0.9975268840789795,0.0351
stage2,0,628,438,-0.04191358759999275,0.786749005317688,0.0351
stage2,0,629,439,0.022160973399877548,0.9960322380065918,0.0351
stage2,0,630,440,-0.15965865552425385,0.9705005288124084,0.0351
stage2,0,631,441,-0.016907697543501854,0.9926595687866211,0.0351
stage2,0,632,442,-0.018458722159266472,0.999717652797699,0.0351
stage2,0,633,443,-0.278982549905777,0.8484137058258057,0.0351
stage2,0,634,444,-0.3511991500854492,0.9524003267288208,0.0351
stage2,0,635,445,-0.35303547978401184,0.8523075580596924,0.0351
stage2,0,636,446,-0.11624214798212051,0.9901376366615295,0.0351
stage2,0,637,447,-0.2911549508571625,0.8981132507324219,0.0351
stage2,0,638,448,-0.031340181827545166,0.9951111674308777,0.0351
stage2,0,639,449,-0.05391651391983032,0.969636857509613,0.0351
stage2,0,640,450,0.14247910678386688,0.863842785358429,0.0351
stage2,0,641,451,-0.10364791005849838,0.888952910900116,0.0351
stage2,0,642,452,-0.009314511902630329,1.0000061988830566,0.0351
stage2,0,643,453,0.018288031220436096,0.9999924302101135,0.0351
stage2,0,644,454,-0.17171986401081085,0.9775676727294922,0.0351
stage2,0,645,455,-0.27624163031578064,0.7903309464454651,0.0351
stage2,0,646,456,-0.19584645330905914,0.894749641418457,0.0351
stage2,0,647,457,-0.36705073714256287,0.8531863689422607,0.0351
stage2,0,648,458,-0.11724697798490524,0.8973562717437744,0.0351
stage2,0,649,459,-0.009221208281815052,0.7298868298530579,0.0351
stage2,0,650,460,-0.27513864636421204,0.9822136759757996,0.0351
stage2,0,651,461,-0.3189777135848999,0.7052987813949585,0.0351
stage2,0,652,462,-0.27130186557769775,0.9636709094047546,0.0351
stage2,0,653,463,-0.3491251468658447,0.9395389556884766,0.0351
stage2,0,654,464,-0.0462287999689579,0.9975141882896423,0.0351
stage2,0,655,465,-0.0034184774849563837,0.936676025390625,0.0351
stage2,0,656,466,-0.002173791639506817,0.923559308052063,0.0351
stage2,0,657,467,-0.20609106123447418,0.7584318518638611,0.0351
stage2,0,658,468,-0.05236745998263359,0.9948623180389404,0.0351
stage2,0,659,469,-0.16035471856594086,0.9618156552314758,0.0351
stage2,0,660,470,-0.09091027081012726,0.9235742688179016,0.0351
stage2,0,661,471,-0.08981847763061523,0.9922477602958679,0.0351
stage2,0,662,472,-0.18775871396064758,0.9171144962310791,0.0351
stage2,0,663,473,0.06271365284919739,0.9727698564529419,0.0351
stage2,0,664,474,-0.024126091971993446,0.999062180519104,0.0351
stage2,0,665,475,-0.11415094882249832,0.9923703670501709,0.0351
stage2,0,666,476,0.2771166265010834,0.8501476049423218,0.0351
stage2,0,667,477,-0.050251975655555725,1.0001226663589478,0.0351
stage2,0,668,478,0.0037625450640916824,0.8459558486938477,0.0351
stage2,0,669,479,0.12172146886587143,0.8356261253356934,0.0351
stage2,0,670,480,-0.16932430863380432,0.9820045828819275,0.0351
stage2,0,671,481,-0.08912167698144913,0.7511182427406311,0.0351
stage2,0,672,482,0.011925452388823032,1.0000003576278687,0.0351
stage2,0,673,483,0.5903751850128174,0.7126793265342712,0.0351
stage2,0,674,484,0.26247671246528625,0.8231443762779236,0.0351
stage2,0,675,485,0.010751357302069664,0.8369725346565247,0.0351
stage2,0,676,486,-0.052614130079746246,0.9945188164710999,0.0351
stage2,0,677,487,-0.006818140856921673,0.999999463558197,0.0351
stage2,0,678,488,-0.036721017211675644,0.9929271340370178,0.0351
stage2,0,679,489,0.3624107837677002,0.7964808344841003,0.0351
stage2,0,680,490,-0.0077314856462180614,0.9999446868896484,0.0351
stage2,0,681,491,0.30975353717803955,0.9437840580940247,0.0351
stage2,0,682,492,0.160607248544693,0.8197771310806274,0.0351
stage2,0,683,493,0.19194437563419342,0.8283328413963318,0.0351
stage2,0,684,494,-0.006244862452149391,0.9995895624160767,0.0351
stage2,0,685,495,0.12087628245353699,0.9689537882804871,0.0351
stage2,0,686,496,0.14944034814834595,0.7924345135688782,0.0351
stage2,0,687,497,-0.044530708342790604,0.9923925995826721,0.0351
stage2,0,688,498,-0.015377544797956944,0.9991533756256104,0.0351
stage2,0,689,499,-0.08743612468242645,0.9733842611312866,0.0351
stage2,0,690,500,-0.1487639844417572,0.9590173959732056,0.0351
stage2,0,691,501,-0.11835001409053802,0.8466982841491699,0.0351
stage2,0,692,502,-0.1844383329153061,0.9632647037506104,0.0351
stage2,0,693,503,-0.10177205502986908,0.9956535696983337,0.0351
stage2,0,694,504,-0.38973742723464966,0.8840238451957703,0.0351
stage2,0,695,505,0.1900855004787445,0.7357257008552551,0.0351
stage2,0,696,506,-0.00946915615350008,0.9999531507492065,0.0351
stage2,0,697,507,-0.04212168976664543,0.9965673089027405,0.0351
stage2,0,698,508,-0.2729514241218567,0.9310204982757568,0.0351
stage2,0,699,509,0.009206649847328663,0.9986189603805542,0.0351
stage2,0,700,510,-0.1425800621509552,0.8611895442008972,0.0351
stage2,0,701,511,-0.223977193236351,0.9789727330207825,0.0351
stage2,0,702,512,-0.03582736849784851,0.9866118431091309,0.0351
stage2,0,703,513,-0.1252453774213791,0.7915751338005066,0.0351
stage2,0,704,514,-0.035534974187612534,0.9954507350921631,0.0351
stage2,0,705,515,0.02033846080303192,0.999729335308075,0.0351
stage2,0,706,516,0.08881036937236786,0.9721693396568298,0.0351
stage2,0,707,517,-0.4151327311992645,0.8985497355461121,0.0351
stage2,0,708,518,0.024028295651078224,0.9999979138374329,0.0351
stage2,0,709,519,-0.448858380317688,0.8291445374488831,0.0351
stage2,0,710,520,-0.2917361557483673,0.8058549165725708,0.0351
stage2,0,711,521,-0.042149946093559265,0.9832108020782471,0.0351
stage2,0,712,522,0.2807249426841736,0.7301174402236938,0.0351
stage2,0,713,523,-0.033489178866147995,0.9994381070137024,0.0351
stage2,0,714,524,-0.14564773440361023,0.9902448654174805,0.0351
stage2,0,715,525,-0.006806221790611744,0.9997326135635376,0.0351
stage2,0,716,526,-0.2913636565208435,0.8579673171043396,0.0351
stage2,0,717,527,0.013471649959683418,0.9999999403953552,0.0351
stage2,0,718,528,-0.008074344135820866,0.999968409538269,0.0351
stage2,0,719,529,0.010478855110704899,0.9999826550483704,0.0351
stage2,0,720,530,-0.3245428800582886,0.9253296852111816,0.0351
stage2,0,721,531,-0.1808873414993286,0.9477302432060242,0.0351
stage2,0,722,532,-0.011942039243876934,0.9998769760131836,0.0351
stage2,0,723,533,-0.4820765554904938,0.9141324758529663,0.0351
stage2,0,724,534,0.0026515356730669737,0.9363551735877991,0.0351
stage2,0,725,535,0.10196097940206528,0.7965412139892578,0.0351
stage2,0,726,536,-0.37530481815338135,0.9024890065193176,0.0351
stage2,0,727,537,0.6248810887336731,0.7357991933822632,0.0351
stage2,0,728,538,0.11263370513916016,0.7782819867134094,0.0351
stage2,0,729,539,-0.15044213831424713,0.7617195844650269,0.0351
stage2,0,730,540,-0.2566387355327606,0.7792139053344727,0.0351
stage2,0,731,541,-0.216476708650589,0.8657981753349304,0.0351
stage2,0,732,542,-0.1723666489124298,0.935198187828064,0.0351
stage2,0,733,543,-0.10679697245359421,0.934040904045105,0.0351
stage2,0,734,544,-0.2993348240852356,0.9022428393363953,0.0351
stage2,0,735,545,0.000241692119743675,0.9991043210029602,0.0351
stage2,0,736,546,-0.12383127957582474,0.9119282960891724,0.0351
stage2,0,737,547,-0.2662075459957123,0.9213361740112305,0.0351
stage2,0,738,548,0.08309023082256317,0.8457606434822083,0.0351
stage2,0,739,549,-0.014041525311768055,0.9685789942741394,0.0351
stage2,0,740,550,-0.07687713950872421,0.9731699228286743,0.0351
stage2,0,741,551,-0.13215337693691254,0.8996691703796387,0.0351
stage2,0,742,552,0.6022301316261292,0.7287673354148865,0.0351
stage2,0,743,553,-0.08259617537260056,0.7331412434577942,0.0351
stage2,0,744,554,0.056623250246047974,0.9750895500183105,0.0351
stage2,0,745,555,-0.27416926622390747,0.9285340905189514,0.0351
stage2,0,746,556,-0.03080577403306961,0.9978765845298767,0.0351
stage2,0,747,557,-0.029490340501070023,0.9939231872558594,0.0351
stage2,0,748,558,-0.13461194932460785,0.8679320216178894,0.0351
stage2,0,749,559,-0.08816736936569214,0.9413182735443115,0.0351
stage2,0,750,560,-0.03788596764206886,0.9238825440406799,0.0351
stage2,0,751,561,-0.17797471582889557,0.9839372634887695,0.0351
stage2,0,752,562,0.33331379294395447,0.7848246097564697,0.0351
stage2,0,753,563,0.019892200827598572,0.9908263087272644,0.0351
stage2,0,754,564,0.016550783067941666,0.8498767018318176,0.0351
stage2,0,755,565,0.1016601026058197,0.9590526223182678,0.0351
stage2,0,756,566,-0.24004121124744415,0.9540936350822449,0.0351
stage2,0,757,567,-0.03200426697731018,0.9973505139350891,0.0351
stage2,0,758,568,-0.25974082946777344,0.9596892595291138,0.0351
stage2,0,759,569,-0.015005826018750668,0.999973475933075,0.0351
stage2,0,760,570,-0.0226039569824934,0.9998552203178406,0.0351
stage2,0,761,571,-0.09180478751659393,0.9925389885902405,0.0351
stage2,0,762,572,0.02007679082453251,0.9967052936553955,0.0351
stage2,0,763,573,0.010282156057655811,1.001528263092041,0.0351
stage2,0,764,574,0.16005085408687592,0.8560823202133179,0.0351
stage2,0,765,575,0.041752345860004425,0.8764311671257019,0.0351
stage2,0,766,576,-0.07570227235555649,0.8903229236602783,0.0351
stage2,0,767,577,-0.19788357615470886,0.9597232937812805,0.0351
stage2,0,768,578,-0.08559883385896683,0.9947726130485535,0.0351
stage2,0,769,579,-0.012167103588581085,0.9998401999473572,0.0351
stage2,0,770,580,-0.04194139689207077,0.9992474913597107,0.0351
stage2,0,771,581,0.05280193313956261,0.9541490077972412,0.0351
stage2,0,772,582,-0.03325891122221947,0.9631431698799133,0.0351
stage2,0,773,583,0.038722191005945206,0.9920564889907837,0.0351
stage2,0,774,584,0.04012301191687584,0.9958006739616394,0.0351
stage2,0,775,585,0.024388307705521584,1.0020639896392822,0.0351
stage2,0,776,586,0.2813425064086914,0.7968434691429138,0.0351
stage2,0,777,587,-0.09858943521976471,0.9715258479118347,0.0351
stage2,0,778,588,0.19087085127830505,0.7895724773406982,0.0351
stage2,0,779,589,0.0624271035194397,0.8560560345649719,0.0351
stage2,0,780,590,0.5697916746139526,0.7548540234565735,0.0351
stage2,0,781,591,-0.12821607291698456,0.9815044403076172,0.0351
stage2,0,782,592,0.06425643712282181,0.9983469247817993,0.0351
stage2,0,783,593,-0.014923052862286568,1.000001311302185,0.0351
stage2,0,784,594,-0.10613664239645004,0.9259499311447144,0.0351
stage2,0,785,595,0.19430282711982727,0.8254244923591614,0.0351
stage2,0,786,596,0.3539732098579407,0.7961406111717224,0.0351
stage2,0,787,597,0.5046432614326477,0.7985115647315979,0.0351
stage2,0,788,598,-0.2331448793411255,0.9773097634315491,0.0351
stage2,0,789,599,-0.15462513267993927,0.8966456055641174,0.0351
stage2,0,790,600,-0.12487208843231201,0.8639909625053406,0.0351
stage2,0,791,601,-0.3557438552379608,0.9103469848632812,0.0351
stage2,0,792,602,0.2129134237766266,0.8226488828659058,0.0351
stage2,0,793,603,-0.1677781045436859,0.9840894937515259,0.0351
stage2,0,794,604,0.09395091235637665,0.9685471057891846,0.0351
stage2,0,795,605,-0.022887039929628372,0.9998894333839417,0.0351
stage2,0,796,606,0.2241673469543457,0.9086177945137024,0.0351
stage2,0,797,607,-0.19734594225883484,0.8327193856239319,0.0351
stage2,0,798,608,0.10226833075284958,0.925029456615448,0.0351
stage2,0,799,609,-0.16367599368095398,0.9739082455635071,0.0351
stage2,0,800,610,-0.001791452057659626,0.8387382626533508,0.0351
stage2,0,801,611,-0.03785990923643112,0.9536284804344177,0.0351
stage2,0,802,612,-0.15051685273647308,0.8135524392127991,0.0351
stage2,0,803,613,-0.04008510336279869,0.8716879487037659,0.0351
stage2,0,804,614,0.02859465405344963,0.9978098273277283,0.0351
stage2,0,805,615,-0.007325311657041311,0.9996058344841003,0.0351
stage2,0,806,616,0.3133630156517029,0.856709361076355,0.0351
stage2,0,807,617,0.020165227353572845,0.9613419771194458,0.0351
stage2,0,808,618,0.06322453171014786,1.0004661083221436,0.0351
stage2,0,809,619,-0.16216100752353668,0.9769943952560425,0.0351
stage2,0,810,620,-0.028374696150422096,0.9993315935134888,0.0351
stage2,0,811,621,-0.026210114359855652,0.9907786846160889,0.0351
stage2,0,812,622,-0.04131266474723816,0.9406608939170837,0.0351
stage2,0,813,623,-0.021823912858963013,0.9897837042808533,0.0351
stage2,0,814,624,-0.014029836282134056,0.9999698400497437,0.0351
stage2,0,815,625,-0.09686989337205887,0.981248140335083,0.0351
stage2,0,816,626,-0.19174253940582275,0.9577927589416504,0.0351
stage2,0,817,627,-0.2919773757457733,0.9565038084983826,0.0351
stage2,0,818,628,-0.22060659527778625,0.8700469136238098,0.0351
stage2,0,819,629,-0.0770992711186409,0.9961509704589844,0.0351
stage2,0,820,630,-0.02863897942006588,0.9869056940078735,0.0351
stage2,0,821,631,-0.04632740467786789,0.9697004556655884,0.0351
stage2,0,822,632,0.11216022074222565,0.9291011691093445,0.0351
stage2,0,823,633,-0.22885100543498993,0.9713857173919678,0.0351
stage2,0,824,634,-0.2575342059135437,0.9787923097610474,0.0351
stage2,0,825,635,-0.12091252952814102,0.9533138275146484,0.0351
stage2,0,826,636,-0.298631489276886,0.8911356925964355,0.0351
stage2,0,827,637,0.010019409470260143,0.9958968758583069,0.0351
stage2,0,828,638,0.004536096937954426,1.001747727394104,0.0351
stage2,0,829,639,-0.012432821094989777,0.9999728798866272,0.0351
stage2,0,830,640,0.008960959501564503,1.0005016326904297,0.0351
stage2,0,831,641,0.08029831945896149,0.937044620513916,0.0351
stage2,0,832,642,-0.01153192762285471,0.9999354481697083,0.0351
stage2,0,833,643,0.01233048364520073,0.9998687505722046,0.0351
stage2,0,834,644,-0.11938490718603134,0.9631285667419434,0.0351
stage2,0,835,645,-0.027537845075130463,0.9984023571014404,0.0351
stage2,0,836,646,-0.002699567936360836,0.9292597770690918,0.0351
stage2,0,837,647,0.08641006797552109,0.9730819463729858,0.0351
stage2,0,838,648,0.55379718542099,0.7545560598373413,0.0351
stage2,0,839,649,-0.19280900061130524,0.9355192184448242,0.0351
stage2,0,840,650,0.3901668190956116,0.8061953186988831,0.0351
stage2,0,841,651,-0.4070386588573456,0.9047491550445557,0.0351
stage2,0,842,652,0.4779829978942871,0.7630201578140259,0.0351
stage2,0,843,653,-0.5035570859909058,0.9228472709655762,0.0351
stage2,0,844,654,-0.10202489048242569,0.9637963771820068,0.0351
stage2,0,845,655,-0.13427099585533142,0.8172266483306885,0.0351
stage2,0,846,656,0.16493961215019226,0.9772641062736511,0.0351
stage2,0,847,657,0.005228739697486162,0.8728814125061035,0.0351
stage2,0,848,658,0.011868689209222794,0.9515385627746582,0.0351
stage2,0,849,659,0.2599855065345764,0.8149755597114563,0.0351
stage2,0,850,660,0.0026961532421410084,0.9787618517875671,0.0351
stage2,0,851,661,0.1444016396999359,0.8748741149902344,0.0351
stage2,0,852,662,-0.021710537374019623,0.7885881662368774,0.0351
stage2,0,853,663,0.061272963881492615,0.8974583745002747,0.0351
stage2,0,854,664,0.012145524844527245,0.9979604482650757,0.0351
stage2,0,855,665,-0.2430170476436615,0.85915607213974,0.0351
stage2,0,856,666,-0.17504572868347168,0.7924203872680664,0.0351
stage2,0,857,667,-0.12206268310546875,0.9776738286018372,0.0351
stage2,0,858,668,0.044130027294158936,0.9961271286010742,0.0351
stage2,0,859,669,-0.04215580224990845,0.9217075109481812,0.0351
stage2,0,860,670,-0.0029762161429971457,0.996978759765625,0.0351
stage2,0,861,671,0.2924286127090454,0.8149019479751587,0.0351
stage2,0,862,672,0.16046616435050964,0.9186593294143677,0.0351
stage2,0,863,673,-0.05261817201972008,0.8331853151321411,0.0351
stage2,0,864,674,-0.07122176140546799,0.9810823202133179,0.0351
stage2,0,865,675,0.038531456142663956,0.9821926951408386,0.0351
stage2,0,866,676,0.1588004231452942,0.9324771761894226,0.0351
stage2,0,867,677,-0.36214056611061096,0.9428791999816895,0.0351
stage2,0,868,678,-0.2159031331539154,0.9661071300506592,0.0351
stage2,0,869,679,0.01919805258512497,0.9956533312797546,0.0351
stage2,0,870,680,0.060849107801914215,0.9898114204406738,0.0351
stage2,0,871,681,-0.005378912668675184,0.9962829351425171,0.0351
stage2,0,872,682,-0.1881777048110962,0.9879373908042908,0.0351
stage2,0,873,683,0.009401340037584305,0.9859532713890076,0.0351
stage2,0,874,684,-0.007081308867782354,0.9992152452468872,0.0351
stage2,0,875,685,0.11895640194416046,0.9652583599090576,0.0351
stage2,0,876,686,0.07363830506801605,0.9746197462081909,0.0351
stage2,0,877,687,-0.09132706373929977,0.8744812607765198,0.0351
stage2,0,878,688,-0.14785227179527283,0.939869225025177,0.0351
stage2,0,879,689,0.06754850596189499,0.9105621576309204,0.0351
stage2,0,880,690,0.01951654814183712,1.000352144241333,0.0351
stage2,0,881,691,-0.0082370825111866,0.9998960494995117,0.0351
stage2,0,882,692,0.04212811589241028,0.9992426633834839,0.0351
stage2,0,883,693,-0.005215154029428959,0.9905990362167358,0.0351
stage2,0,884,694,-0.004845545627176762,0.9363678693771362,0.0351
stage2,0,885,695,0.0291117113083601,1.00155770778656,0.0351
stage2,0,886,696,0.04121038690209389,0.9874356985092163,0.0351
stage2,0,887,697,-0.04830002039670944,0.996024489402771,0.0351
stage2,0,888,698,-0.032323822379112244,0.9643185138702393,0.0351
stage2,0,889,699,0.013889730907976627,0.9993270039558411,0.0351
stage2,0,890,700,-0.07556869834661484,0.9861441254615784,0.0351
stage2,0,891,701,0.2544097304344177,0.8145384192466736,0.0351
stage2,0,892,702,-0.06913895905017853,0.8238362073898315,0.0351
stage2,0,893,703,-0.5206397771835327,0.8892808556556702,0.0351
stage2,0,894,704,0.20619486272335052,0.8186207413673401,0.0351
stage2,0,895,705,-0.061494555324316025,0.9849725365638733,0.0351
stage2,0,896,706,0.0640348419547081,0.9884963035583496,0.0351
stage2,0,897,707,-0.130714550614357,0.9847528338432312,0.0351
stage2,0,898,708,-0.2542618215084076,0.9510565400123596,0.0351
stage2,0,899,709,-0.05224180966615677,0.9834288358688354,0.0351
stage2,0,900,710,-0.11906088888645172,0.960077166557312,0.0351
stage2,0,901,711,-0.054062578827142715,0.9959641695022583,0.0351
stage2,0,902,712,0.04355646297335625,0.9973708391189575,0.0351
stage2,0,903,713,-0.03458881378173828,1.000101923942566,0.0351
stage2,0,904,714,-0.18046550452709198,0.9531674385070801,0.0351
stage2,0,905,715,-0.020480293780565262,0.9976410269737244,0.0351
stage2,0,906,716,-0.034452103078365326,0.9993976354598999,0.0351
stage2,0,907,717,0.08438929170370102,0.9550295472145081,0.0351
stage2,0,908,718,-0.028468120843172073,0.9981405735015869,0.0351
stage2,0,909,719,-0.06610008329153061,0.9978734254837036,0.0351
stage2,0,910,720,-0.015749836340546608,0.9999018907546997,0.0351
stage2,0,911,721,0.053774476051330566,0.927998423576355,0.0351
stage2,0,912,722,0.03480847179889679,0.9853362441062927,0.0351
stage2,0,913,723,-0.029263056814670563,0.9962055087089539,0.0351
stage2,0,914,724,0.016019299626350403,1.0001065731048584,0.0351
stage2,0,915,725,-0.01699029840528965,1.0000003576278687,0.0351
stage2,0,916,726,-0.057840317487716675,0.992222249507904,0.0351
stage2,0,917,727,0.21814504265785217,0.8269758224487305,0.0351
stage2,0,918,728,0.2584989666938782,0.9284217953681946,0.0351
stage2,0,919,729,-0.18207663297653198,0.9247317314147949,0.0351
stage2,0,920,730,0.05022220313549042,0.8544715642929077,0.0351
stage2,0,921,731,-0.07698798179626465,0.7918000221252441,0.0351
stage2,0,922,732,0.4030499756336212,0.8436049222946167,0.0351
stage2,0,923,733,0.1427319347858429,0.8292239308357239,0.0351
stage2,0,924,734,-0.2957167625427246,0.8565520644187927,0.0351
stage2,0,925,735,-0.2041464000940323,0.8994976282119751,0.0351
stage2,0,926,736,0.21362492442131042,0.8339754343032837,0.0351
stage2,0,927,737,-0.002709218068048358,0.9295958280563354,0.0351
stage2,0,928,738,-0.17789623141288757,0.9647508263587952,0.0351
stage2,0,929,739,0.09582359343767166,0.8931851983070374,0.0351
stage2,0,930,740,0.20366477966308594,0.868312656879425,0.0351
stage2,0,931,741,-0.18418224155902863,0.9765785932540894,0.0351
stage2,0,932,742,0.2368006557226181,0.8746861219406128,0.0351
stage2,0,933,743,-0.11642177402973175,0.9813674688339233,0.0351
stage2,0,934,744,-0.05886167287826538,0.9966080188751221,0.0351
stage2,0,935,745,0.062083568423986435,0.8285201191902161,0.0351
stage2,0,936,746,0.2469773292541504,0.8306884765625,0.0351
stage2,0,937,747,-0.4216563403606415,0.8820578455924988,0.0351
stage2,0,938,748,0.23062241077423096,0.8780122399330139,0.0351
stage2,0,939,749,-0.19180770218372345,0.9676544666290283,0.0351
stage2,0,940,750,-0.4557254910469055,0.931066632270813,0.0351
stage2,0,941,751,0.21073102951049805,0.7977145910263062,0.0351
stage2,0,942,752,0.1808309108018875,0.889519453048706,0.0351
stage2,0,943,753,-0.17328879237174988,0.9705685973167419,0.0351
stage2,0,944,754,-0.3238452672958374,0.9147990942001343,0.0351
stage2,0,945,755,0.01757149212062359,0.9236556887626648,0.0351
stage2,0,946,756,-0.016475219279527664,1.0006840229034424,0.0351
stage2,0,947,757,0.02802868001163006,0.969548761844635,0.0351
stage2,0,948,758,0.23858723044395447,0.9548370838165283,0.0351
stage2,0,949,759,-0.29600033164024353,0.9399041533470154,0.0351
stage2,0,950,760,-0.04280685633420944,1.0013896226882935,0.0351
stage2,0,951,761,-0.18671341240406036,0.8868693709373474,0.0351
stage2,0,952,762,-0.022699693217873573,0.9837038516998291,0.0351
stage2,0,953,763,0.11205429583787918,0.9655511379241943,0.0351
stage2,0,954,764,-0.0548839271068573,0.9753485918045044,0.0351
stage2,0,955,765,-0.28189989924430847,0.9324536919593811,0.0351
stage2,0,956,766,-0.024604137986898422,0.9626526236534119,0.0351
stage2,0,957,767,-0.1477506160736084,0.9731975197792053,0.0351
stage2,0,958,768,-0.062323763966560364,0.989763617515564,0.0351
stage2,0,959,769,-0.18565654754638672,0.9520265460014343,0.0351
stage2,0,960,770,-0.03682846948504448,0.9969393610954285,0.0351
stage2,0,961,771,-0.013882922008633614,0.9949634671211243,0.0351
stage2,0,962,772,-0.02306906133890152,0.9953458905220032,0.0351
stage2,0,963,773,-0.031320489943027496,0.8886951804161072,0.0351
stage2,0,964,774,0.15562275052070618,0.8601324558258057,0.0351
stage2,0,965,775,-0.31597957015037537,0.9472471475601196,0.0351
stage2,0,966,776,-0.038063209503889084,0.974892795085907,0.0351
stage2,0,967,777,-0.00906013511121273,0.9956848621368408,0.0351
stage2,0,968,778,-0.1471167653799057,0.9486178755760193,0.0351
stage2,0,969,779,0.20173346996307373,0.9025165438652039,0.0351
stage2,0,970,780,-0.004869894590228796,0.9943369030952454,0.0351
stage2,0,971,781,-0.024724971503019333,0.9970342516899109,0.0351
stage2,0,972,782,-0.03460557386279106,0.9993373155593872,0.0351
stage2,0,973,783,-0.10612352192401886,0.9931183457374573,0.0351
stage2,0,974,784,-0.013346513733267784,0.9976769089698792,0.0351
stage2,0,975,785,-0.0035554911009967327,0.9965503811836243,0.0351
stage2,0,976,786,-0.011682102456688881,0.998017430305481,0.0351
stage2,0,977,787,-0.011963754892349243,0.9985784292221069,0.0351
stage2,0,978,788,-0.011963754892349243,0.9993273615837097,0.0351
stage2,0,979,789,-0.31384268403053284,0.8927717208862305,0.0351
stage2,0,980,790,0.004245053511112928,1.0000014305114746,0.0351
stage2,0,981,791,-0.002278286963701248,0.9993028044700623,0.0351
stage2,0,982,792,0.028811944648623466,0.9987737536430359,0.0351
stage2,0,983,793,0.029065387323498726,0.9976422786712646,0.0351
stage2,0,984,794,-0.026905611157417297,0.9553784132003784,0.0351
stage2,0,985,795,-0.06956171244382858,0.9334137439727783,0.0351
stage2,0,986,796,0.0505053736269474,0.9237880706787109,0.0351
stage2,0,987,797,-0.13088996708393097,0.8683555722236633,0.0351
stage2,0,988,798,-0.07458492368459702,0.8394199013710022,0.0351
stage2,0,989,799,0.22787067294120789,0.8403336405754089,0.0351
stage2,0,990,800,-0.13386015594005585,0.9462320804595947,0.0351
stage2,0,991,801,0.14735466241836548,0.9197611808776855,0.0351
stage2,0,992,802,-0.10280081629753113,0.9240809679031372,0.0351
stage2,0,993,803,-0.22537808120250702,0.9522727727890015,0.0351
stage2,0,994,804,0.20665809512138367,0.8428880572319031,0.0351
stage2,0,995,805,-0.07369475066661835,0.8715447783470154,0.0351
stage2,0,996,806,-0.25008079409599304,0.9421595931053162,0.0351
stage2,0,997,807,0.1467919796705246,0.9110555648803711,0.0351
stage2,0,998,808,-0.032748833298683167,0.9258332848548889,0.0351
stage2,0,999,809,-0.26955875754356384,0.9723872542381287,0.0351
stage2,0,1000,810,0.021316561847925186,1.0104035139083862,0.0351
stage2,0,1001,811,-0.1120791882276535,0.984182596206665,0.0351
stage2,0,1002,812,-0.14976957440376282,0.9764332175254822,0.0351
stage2,0,1003,813,0.015959003940224648,0.9686865210533142,0.0351
stage2,0,1004,814,0.08677539229393005,0.9484951496124268,0.0351
stage2,0,1005,815,-0.22878091037273407,0.9575212001800537,0.0351
stage2,0,1006,816,-0.0688680037856102,0.9648268818855286,0.0351
stage2,0,1007,817,0.2107754349708557,0.906776487827301,0.0351
stage2,0,1008,818,0.03429071977734566,0.9265454411506653,0.0351
stage2,0,1009,819,-0.006554774008691311,0.9606318473815918,0.0351
stage2,0,1010,820,-0.31109485030174255,0.8921296000480652,0.0351
stage2,0,1011,821,0.11209247261285782,0.9748237133026123,0.0351
stage2,0,1012,822,-0.2342265397310257,0.9589946269989014,0.0351
stage2,0,1013,823,-0.004130087792873383,0.9561394453048706,0.0351
stage2,0,1014,824,-0.41025739908218384,0.8995944857597351,0.0351
stage2,0,1015,825,-0.09128140658140182,0.992297351360321,0.0351
stage2,0,1016,826,-0.012790022417902946,0.9957199692726135,0.0351
stage2,0,1017,827,0.015769759193062782,1.0067757368087769,0.0351
stage2,0,1018,828,0.2508895993232727,0.9057607054710388,0.0351
stage2,0,1019,829,-0.05446029454469681,0.9853995442390442,0.0351
stage2,0,1020,830,-0.014619863592088223,1.0015010833740234,0.0351
stage2,0,1021,831,-0.1435142159461975,0.9856854677200317,0.0351
stage2,0,1022,832,-0.03591126576066017,0.9983589053153992,0.0351
stage2,0,1023,833,-0.16618631780147552,0.9495088458061218,0.0351
stage2,0,1024,834,0.0686061754822731,0.9848857522010803,0.0351
stage2,0,1025,835,-0.007486504968255758,0.9922499060630798,0.0351
stage2,0,1026,836,-0.06260287761688232,0.9209892153739929,0.0351
stage2,0,1027,837,-0.0027312971651554108,0.9979745745658875,0.0351
stage2,0,1028,838,-0.07242892682552338,0.8623318076133728,0.0351
stage2,0,1029,839,0.008684397675096989,0.9356350302696228,0.0351
stage2,0,1030,840,-0.013184395618736744,0.9933068752288818,0.0351
stage2,0,1031,841,-0.11616086214780807,0.9606643915176392,0.0351
stage2,0,1032,842,-0.01552955899387598,0.9972491264343262,0.0351
stage2,0,1033,843,-0.16172350943088531,0.9956425428390503,0.0351
stage2,0,1034,844,0.019231777638196945,0.9945217370986938,0.0351
stage2,0,1035,845,0.19331730902194977,0.9687899947166443,0.0351
stage2,0,1036,846,-0.020562781020998955,0.9727886915206909,0.0351
stage2,0,1037,847,-0.09237843006849289,0.9782198667526245,0.0351
stage2,0,1038,848,0.009032590314745903,1.0003483295440674,0.0351
stage2,0,1039,849,0.05687355250120163,0.9515790343284607,0.0351
stage2,0,1040,850,-0.02962438389658928,0.9702396988868713,0.0351
stage2,0,1041,851,-0.16841617226600647,0.9594542384147644,0.0351
stage2,0,1042,852,-0.22144168615341187,0.975098192691803,0.0351
stage2,0,1043,853,0.009079438634216785,0.9812524318695068,0.0351
stage2,0,1044,854,-0.4234873354434967,0.9520661234855652,0.0351
stage2,0,1045,855,0.06832186877727509,0.9989340901374817,0.0351
stage2,0,1046,856,0.05209853872656822,0.9980317950248718,0.0351
stage2,0,1047,857,0.014396573416888714,0.9995372891426086,0.0351
stage2,0,1048,858,0.17725439369678497,0.9389092326164246,0.0351
stage2,0,1049,859,-0.003117829328402877,0.9946534633636475,0.0351
stage2,0,1050,860,-0.018272481858730316,0.9971170425415039,0.0351
stage2,0,1051,861,0.10878502577543259,0.9788722991943359,0.0351
stage2,0,1052,862,-0.0037723437417298555,0.9934649467468262,0.0351
stage2,0,1053,863,-0.11634273082017899,0.9746967554092407,0.0351
stage2,0,1054,864,-0.02822861447930336,0.998453676700592,0.0351
stage2,0,1055,865,-0.19638510048389435,0.8810916543006897,0.0351
stage2,0,1056,866,-0.19721442461013794,0.9578776359558105,0.0351
stage2,0,1057,867,0.023913973942399025,0.9989264011383057,0.0351
stage2,0,1058,868,0.02050352841615677,1.0000126361846924,0.0351
stage2,0,1059,869,-0.062092412263154984,0.9643320441246033,0.0351
stage2,0,1060,870,0.005422825925052166,0.9980502128601074,0.0351
stage2,0,1061,871,-0.2804945409297943,0.9523926377296448,0.0351
stage2,0,1062,872,-0.05399574711918831,0.8916963338851929,0.0351
stage2,0,1063,873,-0.11097243428230286,0.9430302381515503,0.0351
stage2,0,1064,874,0.03455084562301636,0.9118493795394897,0.0351
stage2,0,1065,875,-0.44071245193481445,0.914107084274292,0.0351
stage2,0,1066,876,-0.43616214394569397,0.8835353255271912,0.0351
stage2,0,1067,877,-0.30538034439086914,0.9603564143180847,0.0351
stage2,0,1068,878,-0.4412635862827301,0.9227430820465088,0.0351
stage2,0,1069,879,-0.06578373908996582,0.9903656244277954,0.0351
stage2,0,1070,880,0.10199957340955734,0.8990408778190613,0.0351
stage2,0,1071,881,-0.0405711904168129,0.997936487197876,0.0351
stage2,0,1072,882,-0.028824754059314728,0.9862923622131348,0.0351
stage2,0,1073,883,-0.06794005632400513,0.924595296382904,0.0351
stage2,0,1074,884,0.13749010860919952,0.9420967698097229,0.0351
stage2,0,1075,885,0.12628839910030365,0.9757223725318909,0.0351
stage2,0,1076,886,-0.03417817875742912,0.9885592460632324,0.0351
stage2,0,1077,887,-0.5379909873008728,0.8855417966842651,0.0351
stage2,0,1078,888,-0.015609907917678356,0.9996843934059143,0.0351
stage2,0,1079,889,-0.012316973879933357,0.9870086908340454,0.0351
stage2,0,1080,890,0.20241770148277283,0.8952071070671082,0.0351
stage2,0,1081,891,0.09638398885726929,0.9647942781448364,0.0351
stage2,0,1082,892,0.04117535799741745,0.9844046831130981,0.0351
stage2,0,1083,893,-0.2347559928894043,0.952817440032959,0.0351
stage2,0,1084,894,0.005709423217922449,0.999944269657135,0.0351
stage2,0,1085,895,-0.08656355738639832,0.876252293586731,0.0351
stage2,0,1086,896,0.05902252718806267,0.899604320526123,0.0351
stage2,0,1087,897,-0.01721157319843769,0.99765944480896,0.0351
stage2,0,1088,898,0.44502338767051697,0.887523889541626,0.0351
stage2,0,1089,899,-0.18033838272094727,0.9422706365585327,0.0351
stage2,0,1090,900,-0.25775763392448425,0.9112823605537415,0.0351
stage2,0,1091,901,-0.12763696908950806,0.9481269121170044,0.0351
stage2,0,1092,902,-0.133989617228508,1.0014547109603882,0.0351
stage2,0,1093,903,-0.06424564123153687,0.990040123462677,0.0351
stage2,0,1094,904,0.046485401690006256,0.9611788392066956,0.0351
stage2,0,1095,905,0.04952482506632805,0.9345315098762512,0.0351
stage2,0,1096,906,-0.026859929785132408,0.985560417175293,0.0351
stage2,0,1097,907,-0.07340729981660843,0.9931344389915466,0.0351
stage2,0,1098,908,0.12563510239124298,0.9467705488204956,0.0351
stage2,0,1099,909,-0.09093588590621948,0.9949457049369812,0.0351
stage2,0,1100,910,-0.12334609031677246,0.954380452632904,0.0351
stage2,0,1101,911,-0.12358556687831879,0.9869588613510132,0.0351
stage2,0,1102,912,-0.012167614884674549,0.997169554233551,0.0351
stage2,0,1103,913,-0.18584617972373962,0.9587750434875488,0.0351
stage2,0,1104,914,-0.19698260724544525,0.9589058756828308,0.0351
stage2,0,1105,915,-0.038990844041109085,0.9939209222793579,0.0351
stage2,0,1106,916,-0.25818711519241333,0.9630770087242126,0.0351
stage2,0,1107,917,0.004760632757097483,0.9827225804328918,0.0351
stage2,0,1108,918,-0.01919310912489891,1.0002073049545288,0.0351
stage2,0,1109,919,-0.017904147505760193,0.9993748664855957,0.0351
stage2,0,1110,920,-0.1406092345714569,0.9943269491195679,0.0351
stage2,0,1111,921,-0.045024555176496506,1.001895546913147,0.0351
stage2,0,1112,922,-0.02231856994330883,0.9986615180969238,0.0351
stage2,0,1113,923,0.00930231437087059,0.996339738368988,0.0351
stage2,0,1114,924,-0.019586868584156036,0.9996156692504883,0.0351
stage2,0,1115,925,-0.011518663726747036,0.9630014300346375,0.0351
stage2,0,1116,926,-0.10030869394540787,0.9798681139945984,0.0351
stage2,0,1117,927,-0.09363852441310883,0.98838210105896,0.0351
stage2,0,1118,928,-0.14275427162647247,0.9400246143341064,0.0351
stage2,0,1119,929,-0.014492616057395935,0.9963763952255249,0.0351
stage2,0,1120,930,0.017534231767058372,0.9916074275970459,0.0351
stage2,0,1121,931,-0.01596556045114994,1.0090017318725586,0.0351
stage2,0,1122,932,-0.12392781674861908,0.9526603817939758,0.0351
stage2,0,1123,933,-0.035026516765356064,0.9934262037277222,0.0351
stage2,0,1124,934,-0.1592969000339508,0.9556043148040771,0.0351
stage2,0,1125,935,0.06038007140159607,0.9950407147407532,0.0351
stage2,0,1126,936,-0.02590084634721279,0.9849701523780823,0.0351
stage2,0,1127,937,0.012323391623795033,0.9947845935821533,0.0351
stage2,0,1128,938,-0.27022024989128113,0.9289815425872803,0.0351
stage2,0,1129,939,-0.05223480239510536,0.9852580428123474,0.0351
stage2,0,1130,940,-0.06590909510850906,0.9699293375015259,0.0351
stage2,0,1131,941,0.009153556078672409,0.9986544251441956,0.0351
stage2,0,1132,942,-0.03607397899031639,1.0005143880844116,0.0351
stage2,0,1133,943,0.011674833483994007,0.9992902278900146,0.0351
stage2,0,1134,944,0.027892667800188065,0.9948369264602661,0.0351
stage2,0,1135,945,-0.06950156390666962,0.9862251877784729,0.0351
stage2,0,1136,946,-0.02402799017727375,0.9948869347572327,0.0351
stage2,0,1137,947,0.07010333240032196,0.9964084625244141,0.0351
stage2,0,1138,948,0.04650255665183067,0.9677141308784485,0.0351
stage2,0,1139,949,0.005866226740181446,1.006900668144226,0.0351
stage2,0,1140,950,0.02605266124010086,0.9977760910987854,0.0351
stage2,0,1141,951,-0.014934626407921314,0.9972971081733704,0.0351
stage2,0,1142,952,-0.1729317605495453,0.9705272316932678,0.0351
stage2,0,1143,953,0.010483183898031712,0.907393753528595,0.0351
stage2,0,1144,954,0.3244723379611969,0.8985521793365479,0.0351
stage2,0,1145,955,-0.4671269655227661,0.906864583492279,0.0351
stage2,0,1146,956,-0.23555903136730194,0.914107084274292,0.0351
stage2,0,1147,957,-0.10482901334762573,0.9593901634216309,0.0351
stage2,0,1148,958,-0.16647732257843018,0.916146457195282,0.0351
stage2,0,1149,959,0.01368478313088417,0.9289218187332153,0.0351
stage2,0,1150,960,-0.19510877132415771,0.9543559551239014,0.0351
stage2,0,1151,961,-0.10374348610639572,0.9707910418510437,0.0351
stage2,0,1152,962,-0.30627578496932983,0.9299494624137878,0.0351
stage2,0,1153,963,0.06535347551107407,0.9928799867630005,0.0351
stage2,0,1154,964,-0.037865716964006424,0.9884217977523804,0.0351
stage2,0,1155,965,0.02366955578327179,0.9844433665275574,0.0351
stage2,0,1156,966,-0.06907439976930618,0.9938583970069885,0.0351
stage2,0,1157,967,-0.06604859232902527,0.9772973656654358,0.0351
stage2,0,1158,968,-0.07138778269290924,0.9879315495491028,0.0351
stage2,0,1159,969,0.004789751023054123,0.9527926445007324,0.0351
stage2,0,1160,970,-0.03825213015079498,1.002671718597412,0.0351
stage2,0,1161,971,0.2180149108171463,0.9496724605560303,0.0351
stage2,0,1162,972,-0.003528930712491274,0.9896233677864075,0.0351
stage2,0,1163,973,-0.034843623638153076,0.9730426073074341,0.0351
stage2,0,1164,974,0.029753481969237328,0.9827119708061218,0.0351
stage2,0,1165,975,0.0016682014102116227,0.990360677242279,0.0351
stage2,0,1166,976,-0.2034437507390976,0.9758461117744446,0.0351
stage2,0,1167,977,-0.07622221857309341,0.9904680252075195,0.0351
stage2,0,1168,978,-0.10967892408370972,0.9847316741943359,0.0351
stage2,0,1169,979,0.15625062584877014,0.9669414758682251,0.0351
stage2,0,1170,980,-0.020669298246502876,0.994478166103363,0.0351
stage2,0,1171,981,0.3155960738658905,0.9396087527275085,0.0351
stage2,0,1172,982,-0.005298171192407608,0.9901992082595825,0.0351
stage2,0,1173,983,-0.05193393677473068,0.9856760501861572,0.0351
stage2,0,1174,984,-0.016690196469426155,0.9956932663917542,0.0351
stage2,0,1175,985,-0.17218495905399323,0.934898316860199,0.0351
stage2,0,1176,986,0.03496638685464859,0.9896358251571655,0.0351
stage2,0,1177,987,0.020520415157079697,0.9965962171554565,0.0351
stage2,0,1178,988,0.03752613440155983,0.9779084920883179,0.0351
stage2,0,1179,989,-0.041884202510118484,1.0021358728408813,0.0351
stage2,0,1180,990,0.0017626902554184198,1.0028038024902344,0.0351
stage2,0,1181,991,-0.02245820313692093,1.001605749130249,0.0351
stage2,0,1182,992,-0.0734991729259491,0.9866220355033875,0.0351
stage2,0,1183,993,0.002907032612711191,0.991077184677124,0.0351
stage2,0,1184,994,-0.04993429780006409,0.9942845106124878,0.0351
stage2,0,1185,995,0.05412635579705238,0.9859892725944519,0.0351
stage2,0,1186,996,0.02172987349331379,1.0053859949111938,0.0351
stage2,0,1187,997,-0.07397434115409851,0.9918116927146912,0.0351
stage2,0,1188,998,0.07948716729879379,0.9872780442237854,0.0351
stage2,0,1189,999,0.09678219258785248,0.9733941555023193,0.0351
stage2,0,1190,1000,-0.019038528203964233,0.9876442551612854,0.0351
stage2,0,1191,1001,-0.06091742962598801,0.9871955513954163,0.0351
stage2,0,1192,1002,-0.002638712525367737,0.9983938932418823,0.0351
stage2,0,1193,1003,-0.0026918957009911537,0.9867177605628967,0.0351
stage2,0,1194,1004,-0.02927001751959324,0.9988554120063782,0.0351
stage2,0,1195,1005,0.02061154879629612,0.9758825898170471,0.0351
stage2,0,1196,1006,0.02485918253660202,0.9997404217720032,0.0351
stage2,0,1197,1007,-0.132097527384758,0.9786853790283203,0.0351
stage2,0,1198,1008,-0.10610603541135788,0.9864991903305054,0.0351
stage2,0,1199,1009,-0.18918295204639435,0.9852401614189148,0.0351
stage2,0,1200,1010,-0.027433035895228386,0.9908492565155029,0.0351
stage2,0,1201,1011,-0.07031667232513428,0.9762313365936279,0.0351
stage2,0,1202,1012,-0.18411312997341156,0.9805994033813477,0.0351
stage2,0,1203,1013,-0.018445586785674095,0.9983928799629211,0.0351
stage2,0,1204,1014,-0.17075735330581665,0.9786277413368225,0.0351
stage2,0,1205,1015,-0.16381621360778809,0.9755284190177917,0.0351
stage2,0,1206,1016,-0.0208967924118042,0.9927271604537964,0.0351
stage2,0,1207,1017,-0.02183830924332142,0.9919885396957397,0.0351
stage2,0,1208,1018,0.11972468346357346,0.9772439002990723,0.0351
stage2,0,1209,1019,-0.022309329360723495,0.9984145164489746,0.0351
stage2,0,1210,1020,-0.04459715262055397,0.9893691539764404,0.0351
stage2,0,1211,1021,-0.08883491158485413,0.9874933362007141,0.0351
stage2,0,1212,1022,-0.1191464513540268,0.9725133180618286,0.0351
stage2,0,1213,1023,-0.05701899528503418,0.9955143928527832,0.0351
stage2,0,1214,1024,-0.019034551456570625,0.9954609870910645,0.0351
stage2,0,1215,1025,-0.03665294125676155,0.9935828447341919,0.0351
stage2,0,1216,1026,-0.03665294125676155,0.9975149035453796,0.0351
stage2,0,1217,1027,-0.025115711614489555,0.9860196113586426,0.0351
stage2,0,1218,1028,0.011107383295893669,0.9547601938247681,0.0351
stage2,0,1219,1029,-0.01674329861998558,0.9921532869338989,0.0351
stage2,0,1220,1030,-0.01674329861998558,0.993019163608551,0.0351
stage2,0,1221,1031,0.027864927425980568,0.9697221517562866,0.0351
stage2,0,1222,1032,-0.33157461881637573,0.9350077509880066,0.0351
stage2,0,1223,1033,-0.17674162983894348,0.9578244090080261,0.0351
stage2,0,1224,1034,-0.018346477299928665,0.9834072589874268,0.0351
stage2,0,1225,1035,-0.220610111951828,0.9513416290283203,0.0351
stage2,0,1226,1036,-0.06014549359679222,0.9797928929328918,0.0351
stage2,0,1227,1037,0.2375773787498474,0.9326793551445007,0.0351
stage2,0,1228,1038,-0.05586965009570122,0.9819267988204956,0.0351
stage2,0,1229,1039,0.09359676390886307,0.9675939679145813,0.0351
stage2,0,1230,1040,-0.1160365641117096,0.9680091142654419,0.0351
stage2,0,1231,1041,-0.08443564921617508,0.9976711869239807,0.0351
stage2,0,1232,1042,-0.041217103600502014,0.9756339192390442,0.0351
stage2,0,1233,1043,-0.023084789514541626,0.9927211403846741,0.0351
stage2,0,1234,1044,-0.121739961206913,0.9891185760498047,0.0351
stage2,0,1235,1045,-0.10234710574150085,0.9874124526977539,0.0351
stage2,0,1236,1046,-0.019036276265978813,0.9964815974235535,0.0351
stage2,0,1237,1047,-0.0021457853727042675,1.0101675987243652,0.0351
stage2,0,1238,1048,-0.06633403897285461,1.0073041915893555,0.0351
stage2,0,1239,1049,0.024996532127261162,0.986663818359375,0.0351
stage2,0,1240,1050,0.005765936803072691,0.9955832362174988,0.0351
stage2,0,1241,1051,-0.033684637397527695,0.9944390058517456,0.0351
stage2,0,1242,1052,-0.05639350786805153,0.9942036867141724,0.0351
stage2,0,1243,1053,0.06826511025428772,0.9721460342407227,0.0351
stage2,0,1244,1054,0.023670559749007225,0.9915558099746704,0.0351
stage2,0,1245,1055,-0.0916113331913948,0.9743629097938538,0.0351
stage2,0,1246,1056,-0.04102069512009621,1.001039981842041,0.0351
stage2,0,1247,1057,0.019030217081308365,0.9967370629310608,0.0351
stage2,0,1248,1058,-0.00817787740379572,0.9855507016181946,0.0351
stage2,0,1249,1059,-0.020494461059570312,0.990033745765686,0.0351
stage2,0,1250,1060,-0.00220372318290174,0.9886487722396851,0.0351
stage2,0,1251,1061,-0.05148107185959816,0.9923134446144104,0.0351
stage2,0,1252,1062,0.018051283434033394,0.9994561672210693,0.0351
stage2,0,1253,1063,-0.025946468114852905,0.9884871244430542,0.0351
stage2,0,1254,1064,0.055416859686374664,1.0044784545898438,0.0351
stage2,0,1255,1065,-0.034573547542095184,0.9931923151016235,0.0351
stage2,0,1256,1066,0.07979264855384827,0.9856899976730347,0.0351
stage2,0,1257,1067,0.01952853798866272,0.9913871884346008,0.0351
stage2,0,1258,1068,-0.02327418141067028,1.0002409219741821,0.0351
stage2,0,1259,1069,0.043858353048563004,0.9946436882019043,0.0351
stage2,0,1260,1070,-0.055211685597896576,0.9895669221878052,0.0351
stage2,0,1261,1071,-0.01833423040807247,0.9971253871917725,0.0351
stage2,0,1262,1072,-0.029897471889853477,0.9923336505889893,0.0351
stage2,0,1263,1073,-0.021435657516121864,0.9931389689445496,0.0351
stage2,0,1264,1074,-0.01500412542372942,0.9900740385055542,0.0351
stage2,0,1265,1075,-0.04985819384455681,0.9944326877593994,0.0351
stage2,0,1266,1076,-0.00984034314751625,0.9971708059310913,0.0351
stage2,0,1267,1077,-0.033850789070129395,0.9984919428825378,0.0351
stage2,0,1268,1078,-0.0425073467195034,0.9966915845870972,0.0351
stage2,0,1269,1079,-0.015942972153425217,1.0018631219863892,0.0351
stage2,0,1270,1080,0.005958587862551212,0.9952071905136108,0.0351
stage2,0,1271,1081,0.03149887174367905,0.9976499676704407,0.0351
stage2,0,1272,1082,-0.014217114076018333,0.9976980090141296,0.0351
stage2,0,1273,1083,-0.014217114076018333,1.0010931491851807,0.0351
stage2,0,1274,1084,-0.01611318811774254,1.001025676727295,0.0351
stage2,0,1275,1085,-0.01611318811774254,0.9971395134925842,0.0351
stage2,0,1276,1086,-0.014369629323482513,1.0030337572097778,0.0351
stage2,0,1277,1087,-0.014772388152778149,1.0024054050445557,0.0351
stage2,0,1278,1088,-0.014772388152778149,0.9986779689788818,0.0351
stage2,0,1279,1089,0.014772388152778149,0.9974954128265381,0.0351
stage2,0,1280,1090,0.0,1.0,0.0351
stage2,0,1281,1091,0.0,1.0,0.0351
stage2,0,1282,1092,0.0,1.0,0.0351
stage2,0,1283,1093,0.0,1.0,0.0351
stage2,0,1284,1094,0.0,1.0,0.0351
stage2,0,1285,1095,0.0,1.0,0.0351
stage2,0,1286,1096,0.0,1.0,0.0351
stage2,0,1287,1097,0.0,1.0,0.0351
stage2,0,1288,1098,0.0,1.0,0.0351
stage2,0,1289,1099,0.0,1.0,0.0351
stage2,0,1290,1100,0.0,1.0,0.0351
stage2,0,1291,1101,0.0,1.0,0.0351
stage2,0,1292,1102,0.0,1.0,0.0351
stage2,0,1293,1103,0.0,1.0,0.0351
stage2,0,1294,1104,0.0,1.0,0.0351
stage2,0,1295,1105,0.0,1.0,0.0351
stage2,0,1296,1106,0.0,1.0,0.0351
stage2,0,1297,1107,0.0,1.0,0.0351
stage2,0,1298,1108,0.0,1.0,0.0351
stage2,0,1299,1109,0.0,1.0,0.0351
stage2,0,1300,1110,0.0,1.0,0.0351
stage2,0,1301,1111,0.0,1.0,0.0351
stage2,0,1302,1112,0.0,1.0,0.0351
stage2,0,1303,1113,0.0,1.0,0.0351
stage2,0,1304,1114,0.0,1.0,0.0351
stage2,0,1305,1115,0.0,1.0,0.0351
stage2,0,1306,1116,0.0,1.0,0.0351
stage2,0,1307,1117,0.0,1.0,0.0351
stage2,0,1308,1118,0.0,1.0,0.0351
stage2,0,1309,1119,0.0,1.0,0.0351
stage2,0,1310,1120,0.0,1.0,0.0351
stage2,0,1311,1121,0.0,1.0,0.0351
stage2,0,1312,1122,0.0,1.0,0.0351
stage2,0,1313,1123,0.0,1.0,0.0351
stage2,0,1314,1124,0.0,1.0,0.0351
stage2,0,1315,1125,0.0,1.0,0.0351
stage2,0,1316,1126,0.0,1.0,0.0351
stage2,0,1317,1127,0.0,1.0,0.0351
stage2,0,1318,1128,0.0,1.0,0.0351
stage2,0,1319,1129,0.0,1.0,0.0351
stage2,0,1320,1130,0.0,1.0,0.0351
stage2,0,1321,1131,0.0,1.0,0.0351
stage2,0,1322,1132,0.0,1.0,0.0351
stage2,0,1323,1133,0.0,1.0,0.0351
stage2,0,1324,1134,0.0,1.0,0.0351
stage2,0,1325,1135,0.0,1.0,0.0351
stage2,0,1326,1136,0.0,1.0,0.0351
stage2,0,1327,1137,0.0,1.0,0.0351
stage2,0,1328,1138,0.0,1.0,0.0351
stage2,0,1329,1139,0.0,1.0,0.0351
stage2,0,1330,1140,0.0,1.0,0.0351
stage2,0,1331,1141,0.0,1.0,0.0351
stage2,0,1332,1142,0.0,1.0,0.0351
stage2,0,1333,1143,0.0,1.0,0.0351
stage2,0,1334,1144,0.0,1.0,0.0351
stage2,0,1335,1145,0.0,1.0,0.0351
stage2,0,1336,1146,0.0,1.0,0.0351
stage2,0,1337,1147,0.0,1.0,0.0351
stage2,0,1338,1148,0.0,1.0,0.0351
stage2,0,1339,1149,0.0,1.0,0.0351
stage2,0,1340,1150,0.0,1.0,0.0351
