Player_ID,Games,Wins,Win_Rate,Skill_Mu,Skill_Sigma
256,81,32,0.3950617283950617,-0.24159973859786987,0.9640190005302429
475,775,454,0.5858064516129032,0.30088064074516296,0.711432933807373
417,146,46,0.3150684931506849,-0.359313428401947,0.9343459010124207
515,523,238,0.45506692160611856,-0.23971408605575562,0.7636065483093262
538,211,104,0.4928909952606635,0.1294490545988083,0.8949643969535828
405,22,6,0.2727272727272727,-0.09269095212221146,0.9942159652709961
141,96,40,0.4166666666666667,-0.08546822518110275,0.9714791774749756
287,595,328,0.5512605042016807,0.054840054363012314,0.7372615337371826
537,765,379,0.4954248366013072,0.18996739387512207,0.7373228073120117
443,117,41,0.3504273504273504,-0.3503141403198242,0.9362475872039795
31,293,188,0.6416382252559727,0.3458957374095917,0.8684080243110657
64,246,161,0.6544715447154471,0.2957470715045929,0.8903664946556091
61,383,229,0.597911227154047,0.2684660851955414,0.8272190093994141
230,82,57,0.6951219512195121,0.14846476912498474,0.967513918876648
1,973,636,0.6536485097636177,1.0258879661560059,0.6579431891441345
9,362,168,0.46408839779005523,-0.027094323188066483,0.8350765109062195
7,292,159,0.5445205479452054,0.24239426851272583,0.8990828394889832
8,225,104,0.4622222222222222,-0.0161827951669693,0.9116939902305603
365,194,87,0.4484536082474227,-0.06916933506727219,0.9107538461685181
289,408,213,0.5220588235294118,0.19709323346614838,0.8123663663864136
26,381,210,0.5511811023622047,0.22526998817920685,0.8580009341239929
56,499,255,0.5110220440881763,-0.02980821207165718,0.7922453284263611
111,77,34,0.44155844155844154,0.004345746710896492,0.9672049283981323
27,185,67,0.3621621621621622,-0.15263554453849792,0.9004380106925964
72,62,30,0.4838709677419355,0.0834154337644577,0.9734673500061035
37,38,17,0.4473684210526316,-0.05271469056606293,0.9891287684440613
63,174,93,0.5344827586206896,0.2079426795244217,0.9255594611167908
374,357,179,0.5014005602240896,0.3256128430366516,0.8381370902061462
107,144,64,0.4444444444444444,-0.07092202454805374,0.9351969361305237
183,31,16,0.5161290322580645,-0.0026233834214508533,0.9944875836372375
377,764,437,0.5719895287958116,0.4693959057331085,0.700603723526001
144,48,17,0.3541666666666667,-0.1187131330370903,0.9796436429023743
40,607,251,0.4135090609555189,-0.26420876383781433,0.7457194328308105
432,276,123,0.44565217391304346,-0.023715535178780556,0.8750137686729431
503,75,36,0.48,-0.022456709295511246,0.9606673121452332
390,250,122,0.488,0.09720713645219803,0.9010664820671082
36,215,143,0.6651162790697674,0.42899712920188904,0.8946418166160583
191,197,98,0.49746192893401014,0.06872129440307617,0.9153768420219421
508,350,175,0.5,0.13955561816692352,0.8633933067321777
523,19,8,0.42105263157894735,-0.026931865140795708,0.995111346244812
245,849,504,0.5936395759717314,0.32789120078086853,0.6808638572692871
208,86,23,0.26744186046511625,-0.42727646231651306,0.9643770456314087
351,956,519,0.5428870292887029,0.44990020990371704,0.6825438737869263
422,33,15,0.45454545454545453,-0.05877655744552612,0.9855069518089294
539,886,488,0.5507900677200903,0.22073602676391602,0.6888163089752197
187,82,44,0.5365853658536586,0.06581731140613556,0.9574084877967834
465,833,494,0.5930372148859544,0.5246155858039856,0.709790050983429
193,491,273,0.5560081466395111,0.21319812536239624,0.7834299802780151
258,368,179,0.48641304347826086,-0.022895412519574165,0.8333961963653564
131,276,165,0.5978260869565217,0.35812968015670776,0.8838363289833069
162,66,21,0.3181818181818182,-0.18547430634498596,0.9641046524047852
483,289,100,0.3460207612456747,-0.4678261876106262,0.8599905371665955
447,304,113,0.3717105263157895,-0.26443779468536377,0.8732686638832092
104,238,117,0.49159663865546216,0.012294667772948742,0.896579384803772
325,84,28,0.3333333333333333,-0.08128367364406586,0.9722861051559448
438,974,613,0.6293634496919918,0.8032146096229553,0.6738321185112
486,325,182,0.56,0.22298304736614227,0.8536595106124878
505,199,94,0.4723618090452261,-0.0800052210688591,0.9044094085693359
498,274,139,0.5072992700729927,0.12350098043680191,0.8861221075057983
540,557,281,0.5044883303411131,-0.004287397023290396,0.7678346037864685
17,354,177,0.5,0.09547566622495651,0.8457540273666382
192,289,152,0.5259515570934256,0.050230033695697784,0.8762534260749817
122,198,100,0.5050505050505051,0.01912790909409523,0.9160148501396179
103,45,25,0.5555555555555556,0.059121862053871155,0.9795109629631042
176,159,99,0.6226415094339622,0.3373945951461792,0.9223913550376892
353,244,110,0.45081967213114754,0.05358278378844261,0.9000743627548218
196,212,78,0.36792452830188677,-0.1987113356590271,0.9013055562973022
424,442,195,0.4411764705882353,-0.010763109661638737,0.8219926953315735
511,346,170,0.4913294797687861,-0.002303846413269639,0.843178391456604
410,172,88,0.5116279069767442,0.08398520201444626,0.9134628772735596
473,130,53,0.4076923076923077,-0.16625773906707764,0.9411063194274902
436,443,219,0.49435665914221216,0.1407286524772644,0.791034996509552
541,788,410,0.5203045685279187,0.25321143865585327,0.7130991220474243
175,535,246,0.45981308411214955,-0.010946680791676044,0.7690790891647339
542,199,86,0.4321608040201005,-0.26626792550086975,0.8898288607597351
77,427,311,0.7283372365339579,0.4999547004699707,0.8107072114944458
76,341,248,0.7272727272727273,0.4624640643596649,0.8214470148086548
490,753,531,0.7051792828685259,0.798778772354126,0.6992895603179932
510,813,570,0.7011070110701108,0.7653727531433105,0.6691195964813232
257,109,77,0.7064220183486238,0.35158151388168335,0.9235382676124573
225,630,367,0.5825396825396826,0.4399585425853729,0.7591620683670044
3,93,44,0.4731182795698925,-0.029233179986476898,0.9612987637519836
155,456,210,0.4605263157894737,-0.004430084489285946,0.7852753400802612
91,240,115,0.4791666666666667,0.13448017835617065,0.8941190242767334
437,586,282,0.4812286689419795,0.17974026501178741,0.7419782280921936
205,531,273,0.5141242937853108,0.2174617350101471,0.7696002125740051
156,191,95,0.4973821989528796,0.0020753415301442146,0.9104049205780029
260,544,281,0.5165441176470589,0.20594176650047302,0.761488676071167
115,171,83,0.4853801169590643,-0.009178627282381058,0.920688807964325
65,61,20,0.32786885245901637,-0.18533676862716675,0.9629804491996765
68,177,105,0.5932203389830508,-0.11574466526508331,0.9240870475769043
480,872,605,0.6938073394495413,0.7030210494995117,0.6871485114097595
355,920,641,0.6967391304347826,0.9081078171730042,0.6544239521026611
14,319,221,0.6927899686520376,0.3435402810573578,0.8269240260124207
543,915,484,0.5289617486338798,0.04115850105881691,0.667731523513794
46,121,74,0.6115702479338843,0.1446106880903244,0.9439306259155273
132,862,582,0.6751740139211136,1.1320918798446655,0.6476812958717346
426,597,357,0.5979899497487438,0.3576723039150238,0.7319530248641968
253,71,44,0.6197183098591549,0.021229412406682968,0.9724709987640381
298,677,401,0.5923190546528804,0.2538588345050812,0.7130478024482727
69,381,219,0.5748031496062992,0.34983882308006287,0.8160467147827148
108,651,378,0.5806451612903226,0.47463902831077576,0.7361983060836792
106,382,176,0.4607329842931937,-0.008977890014648438,0.8419837355613708
109,810,479,0.591358024691358,0.41614094376564026,0.7218868136405945
343,298,175,0.587248322147651,0.3183445632457733,0.8659339547157288
169,694,365,0.5259365994236311,0.13531488180160522,0.72098308801651
23,658,399,0.6063829787234043,0.5073787569999695,0.7534757852554321
371,630,322,0.5111111111111111,0.028152592480182648,0.7301503419876099
544,908,494,0.5440528634361234,0.5041155815124512,0.680804431438446
363,149,63,0.4228187919463087,-0.2473643571138382,0.9430180191993713
81,806,555,0.6885856079404467,0.803682804107666,0.6807782053947449
234,819,471,0.575091575091575,0.2517678141593933,0.699995756149292
434,652,413,0.6334355828220859,0.43435433506965637,0.7249562740325928
10,178,123,0.6910112359550562,0.380444198846817,0.9121853113174438
20,236,150,0.635593220338983,0.2678585648536682,0.8965038061141968
450,252,96,0.38095238095238093,-0.28161096572875977,0.8869291543960571
494,704,327,0.46448863636363635,0.006330872420221567,0.705321192741394
335,18,7,0.3888888888888889,-0.013243600726127625,0.9947580099105835
491,41,9,0.21951219512195122,-0.21291740238666534,0.9787800312042236
545,360,158,0.4388888888888889,-0.04342156648635864,0.8402699828147888
59,207,76,0.3671497584541063,-0.23977462947368622,0.9133129715919495
306,77,25,0.3246753246753247,-0.1185576319694519,0.9831041097640991
317,317,107,0.33753943217665616,-0.46809086203575134,0.8705180287361145
57,3,3,1.0,0.033214129507541656,0.9992066025733948
495,840,334,0.3976190476190476,-0.33469918370246887,0.7123151421546936
315,405,226,0.5580246913580247,0.34934866428375244,0.8030069470405579
52,208,86,0.41346153846153844,-0.2440459430217743,0.9078067541122437
55,862,535,0.6206496519721578,0.5341466069221497,0.6906947493553162
413,572,309,0.5402097902097902,0.1888241171836853,0.7678782343864441
43,46,30,0.6521739130434783,0.15495182573795319,0.9764561057090759
309,355,210,0.5915492957746479,0.2600270211696625,0.8411228656768799
467,107,54,0.5046728971962616,-0.029682626947760582,0.9379814267158508
301,383,206,0.5378590078328982,0.37717926502227783,0.841693639755249
513,830,433,0.5216867469879518,0.0758102536201477,0.6858142614364624
356,224,86,0.38392857142857145,-0.21961528062820435,0.893781304359436
376,315,128,0.40634920634920635,-0.20538632571697235,0.874329149723053
39,119,61,0.5126050420168067,0.12671419978141785,0.9577932357788086
459,148,62,0.4189189189189189,-0.007244823966175318,0.9317337870597839
276,68,28,0.4117647058823529,0.000822905043605715,0.9825344085693359
21,5,4,0.8,0.041622310876846313,1.0000547170639038
499,97,32,0.32989690721649484,-0.20219451189041138,0.9524941444396973
13,96,33,0.34375,-0.17139799892902374,0.9597894549369812
160,498,239,0.4799196787148594,-0.05536680296063423,0.7933261394500732
142,197,109,0.5532994923857868,0.28116777539253235,0.9216145873069763
133,376,174,0.4627659574468085,0.024669397622346878,0.8209233283996582
148,48,29,0.6041666666666666,0.15150687098503113,0.9920656681060791
124,37,25,0.6756756756756757,0.17856274545192719,0.9888709187507629
24,45,24,0.5333333333333333,0.15196138620376587,0.9914646744728088
546,174,84,0.4827586206896552,0.021181702613830566,0.9120177030563354
53,371,177,0.477088948787062,0.012322559952735901,0.8522747755050659
190,326,163,0.5,0.07964947074651718,0.8595886826515198
202,825,466,0.5648484848484848,0.43754032254219055,0.6750105023384094
143,91,47,0.5164835164835165,0.04865103214979172,0.9577361345291138
435,89,37,0.4157303370786517,-0.10290888696908951,0.9537561535835266
292,187,108,0.5775401069518716,0.10485468059778214,0.8746543526649475
547,65,42,0.6461538461538462,0.07650895416736603,0.9713714718818665
548,200,88,0.44,-0.09119109809398651,0.8775627017021179
549,17,4,0.23529411764705882,-0.0502270944416523,0.9936539530754089
48,31,13,0.41935483870967744,-0.07062409073114395,0.9883275032043457
400,73,33,0.4520547945205479,0.0035216284450143576,0.9715515375137329
409,23,12,0.5217391304347826,0.02629360929131508,0.9921616911888123
200,11,3,0.2727272727272727,-0.053896162658929825,0.9967698454856873
224,23,13,0.5652173913043478,0.033012937754392624,0.9942346215248108
383,3,0,0.0,-0.036882560700178146,0.9998533725738525
550,50,16,0.32,-0.16071121394634247,0.9756758809089661
188,327,190,0.581039755351682,0.03193794935941696,0.8123345375061035
393,123,53,0.43089430894308944,0.022315096110105515,0.9489961266517639
551,28,11,0.39285714285714285,-0.02909877337515354,0.9839284420013428
127,80,34,0.425,-0.09568167477846146,0.9617223739624023
552,515,313,0.6077669902912621,0.4745481312274933,0.738797664642334
34,308,138,0.44805194805194803,-0.08112924546003342,0.8463143110275269
461,1,0,0.0,-0.0042287856340408325,0.9999778866767883
93,45,28,0.6222222222222222,0.07571755349636078,0.9827326536178589
504,322,138,0.42857142857142855,-0.08779124170541763,0.8640146255493164
370,29,16,0.5517241379310345,-0.010426348075270653,0.9885329008102417
531,237,131,0.5527426160337553,0.07700499147176743,0.8904959559440613
521,49,23,0.46938775510204084,0.006217902526259422,0.9848411679267883
387,15,6,0.4,-0.017712829634547234,0.9939300417900085
164,71,42,0.5915492957746479,0.17439430952072144,0.9778371453285217
384,37,20,0.5405405405405406,0.06595183163881302,0.987606406211853
524,120,58,0.48333333333333334,-0.16699908673763275,0.9223213195800781
211,509,311,0.6110019646365422,0.2944371998310089,0.7449148297309875
22,6,0,0.0,-0.06624018400907516,0.9977331161499023
273,10,3,0.3,-0.05758314207196236,1.0002995729446411
223,34,9,0.2647058823529412,-0.16425789892673492,0.9913132190704346
553,12,5,0.4166666666666667,-0.006505640689283609,0.9956862330436707
217,2,0,0.0,-0.012932374142110348,0.9998640418052673
204,54,21,0.3888888888888889,-0.09442728012800217,0.9812605381011963
554,19,8,0.42105263157894735,0.008479325100779533,0.9976916313171387
468,185,131,0.7081081081081081,0.1986563801765442,0.9113363027572632
555,172,65,0.37790697674418605,-0.10019155591726303,0.931976854801178
481,39,10,0.2564102564102564,-0.15703085064888,0.9854382872581482
170,19,7,0.3684210526315789,-0.03742184117436409,0.9920647144317627
242,3,0,0.0,-0.04404041916131973,0.9997588992118835
463,49,14,0.2857142857142857,-0.19672460854053497,0.9829960465431213
500,5,0,0.0,-0.05470145866274834,0.9984559416770935
452,480,241,0.5020833333333333,0.1012980192899704,0.7622172236442566
92,219,97,0.4429223744292237,-0.1040894091129303,0.901584804058075
136,6,3,0.5,-0.013453938066959381,0.999431312084198
86,80,28,0.35,-0.10248108208179474,0.9603489637374878
478,11,2,0.18181818181818182,-0.060563649982213974,0.9973820447921753
556,404,192,0.4752475247524752,0.0879245474934578,0.7840763330459595
444,12,2,0.16666666666666666,-0.08937910199165344,0.9987474083900452
347,104,56,0.5384615384615384,0.11897577345371246,0.9531403183937073
470,23,14,0.6086956521739131,0.03136599808931351,0.9856731295585632
75,212,122,0.5754716981132075,0.036272287368774414,0.8844541311264038
178,577,323,0.5597920277296361,0.31439751386642456,0.7546553015708923
97,1,1,1.0,0.009865187108516693,0.9999983310699463
407,25,11,0.44,-0.03638526797294617,0.9927783012390137
496,394,182,0.4619289340101523,-0.16615621745586395,0.8104795217514038
557,98,48,0.4897959183673469,-0.06302610039710999,0.9454156756401062
174,15,3,0.2,-0.1169145330786705,0.9984568357467651
154,1,0,0.0,-0.007678234949707985,0.9999979734420776
79,17,8,0.47058823529411764,-0.009092286229133606,0.9970661997795105
558,162,69,0.42592592592592593,-0.27806785702705383,0.9130001664161682
391,63,21,0.3333333333333333,-0.24868537485599518,0.9588967561721802
514,3,0,0.0,-0.03168553113937378,0.9999653100967407
448,80,33,0.4125,-0.11015043407678604,0.9482131600379944
120,3,1,0.3333333333333333,-0.00699284952133894,0.9996855854988098
285,1,0,0.0,-0.00721288938075304,0.9999963045120239
101,35,20,0.5714285714285714,0.012866462580859661,0.9880061149597168
146,4,2,0.5,0.003934463020414114,0.9998590350151062
60,23,14,0.6086956521739131,0.032505955547094345,0.9880978465080261
559,9,4,0.4444444444444444,-0.04452699050307274,0.9989664554595947
153,28,19,0.6785714285714286,0.02744363620877266,0.9853703379631042
167,15,4,0.26666666666666666,-0.08449458330869675,0.9953427314758301
367,197,59,0.29949238578680204,-0.515897810459137,0.8817041516304016
243,56,28,0.5,0.05816318839788437,0.977766752243042
392,381,205,0.5380577427821522,0.14149640500545502,0.8242599964141846
402,44,18,0.4090909090909091,-0.0033931410871446133,0.980276346206665
98,33,14,0.42424242424242425,-0.014358382672071457,0.9902007579803467
462,27,10,0.37037037037037035,-0.062159214168787,0.9893347024917603
29,9,5,0.5555555555555556,0.01409362256526947,0.9980190396308899
388,52,23,0.4423076923076923,-0.01785319857299328,0.9711759090423584
58,16,8,0.5,-0.009693047031760216,0.9990343451499939
487,11,3,0.2727272727272727,-0.03080052137374878,0.9973375797271729
233,78,39,0.5,-0.02551964856684208,0.9654261469841003
67,9,4,0.4444444444444444,-0.006228863261640072,0.9990211129188538
47,6,2,0.3333333333333333,-0.013408838771283627,0.9993971586227417
423,244,128,0.5245901639344263,0.15084166824817657,0.8789862990379333
401,3,0,0.0,-0.030513962730765343,0.9992806911468506
440,105,40,0.38095238095238093,-0.10968326777219772,0.9576529264450073
62,130,92,0.7076923076923077,0.2760232985019684,0.9345064759254456
350,75,33,0.44,-0.05847956985235214,0.9818341135978699
439,7,2,0.2857142857142857,-0.009776621125638485,0.9982228875160217
560,273,109,0.3992673992673993,-0.19283832609653473,0.8507073521614075
239,27,11,0.4074074074074074,-0.03980638459324837,0.9907548427581787
316,1,0,0.0,-0.0038452751468867064,0.9999655485153198
334,90,44,0.4888888888888889,0.011731738224625587,0.9565149545669556
179,3,1,0.3333333333333333,-0.01316857524216175,0.9999028444290161
357,5,2,0.4,-0.004934313241392374,0.9997720122337341
296,1,1,1.0,0.010187000967562199,1.000000238418579
561,16,5,0.3125,-0.08088064938783646,0.9955415725708008
125,147,66,0.4489795918367347,-0.14880019426345825,0.9206634759902954
431,101,33,0.32673267326732675,-0.1558919996023178,0.9566258788108826
206,23,14,0.6086956521739131,0.04443250969052315,0.9919866919517517
198,281,150,0.5338078291814946,0.052510250359773636,0.8474171161651611
278,98,33,0.336734693877551,-0.22520118951797485,0.94264155626297
474,3,3,1.0,0.03266769275069237,0.9988790154457092
562,25,8,0.32,-0.044075820595026016,0.9935789108276367
139,9,4,0.4444444444444444,-0.03235907852649689,0.9993781447410583
563,27,11,0.4074074074074074,-0.05361485853791237,0.9883584976196289
385,170,77,0.45294117647058824,-0.0467202290892601,0.9191426038742065
518,118,32,0.2711864406779661,-0.41979923844337463,0.929190456867218
419,3,1,0.3333333333333333,-0.012500153854489326,0.9996668696403503
209,10,4,0.4,-0.02183532528579235,0.9986509680747986
564,173,71,0.41040462427745666,-0.11258221417665482,0.9067480564117432
565,1,0,0.0,-0.006117589306086302,0.9999912977218628
566,9,7,0.7777777777777778,0.07264997810125351,0.9954147934913635
567,36,4,0.1111111111111111,-0.24734866619110107,0.9799798727035522
352,86,30,0.3488372093023256,-0.18345412611961365,0.9471669793128967
119,189,102,0.5396825396825397,0.18190798163414001,0.9234890937805176
506,17,4,0.23529411764705882,-0.13466137647628784,0.9935076236724854
313,14,3,0.21428571428571427,-0.08358537405729294,0.9961848258972168
568,59,19,0.3220338983050847,-0.27478763461112976,0.9573908448219299
458,38,20,0.5263157894736842,0.0959610864520073,0.9862374067306519
181,45,21,0.4666666666666667,-0.022975102066993713,0.9819947481155396
177,22,8,0.36363636363636365,-0.05371483415365219,0.9873937368392944
569,16,9,0.5625,0.027456535026431084,0.9933861494064331
433,168,45,0.26785714285714285,-0.4848291575908661,0.904879093170166
420,289,120,0.41522491349480967,-0.2928510010242462,0.8506312966346741
41,45,13,0.28888888888888886,-0.1602012813091278,0.9685009717941284
221,198,88,0.4444444444444444,0.052850134670734406,0.9155825972557068
570,756,409,0.541005291005291,0.20505450665950775,0.6933878660202026
38,17,13,0.7647058823529411,0.1007905900478363,0.9956347942352295
360,376,185,0.4920212765957447,0.09796607494354248,0.8141465783119202
497,545,279,0.5119266055045871,0.08151794224977493,0.7572212815284729
172,4,2,0.5,0.004353747703135014,1.0002071857452393
244,22,10,0.45454545454545453,-0.0846080556511879,0.9896376132965088
147,447,219,0.4899328859060403,0.12984603643417358,0.80645352602005
227,498,224,0.4497991967871486,-0.22005662322044373,0.8115047216415405
105,384,219,0.5703125,0.18413786590099335,0.8231842517852783
16,2,1,0.5,0.0006200974457897246,0.9998082518577576
571,35,8,0.22857142857142856,-0.14068199694156647,0.9768058657646179
534,54,29,0.5370370370370371,0.13777105510234833,0.9798446297645569
572,24,15,0.625,0.06070446968078613,0.9826278686523438
82,10,5,0.5,-0.02052457630634308,0.9919481873512268
428,573,316,0.5514834205933682,0.3882311284542084,0.729595959186554
264,154,64,0.4155844155844156,-0.0631580501794815,0.9210349917411804
485,239,121,0.5062761506276151,0.1231260597705841,0.8849261999130249
493,583,260,0.44596912521440824,-0.01257251389324665,0.776890754699707
573,823,482,0.5856622114216282,0.6524191498756409,0.7090427875518799
408,33,7,0.21212121212121213,-0.16759589314460754,0.9695999622344971
574,8,1,0.125,-0.08143694698810577,0.998075544834137
575,5,1,0.2,-0.02878929115831852,1.0001757144927979
576,5,2,0.4,-0.007370900362730026,0.9993528127670288
427,511,262,0.512720156555773,0.2106485366821289,0.7885761857032776
89,140,56,0.4,-0.09922265261411667,0.9390051364898682
577,13,7,0.5384615384615384,0.013247820548713207,0.9953370690345764
578,17,2,0.11764705882352941,-0.1436445116996765,0.9914991855621338
12,119,43,0.36134453781512604,-0.2531135380268097,0.9306049346923828
346,13,7,0.5384615384615384,-0.010325932875275612,0.9994065761566162
263,3,1,0.3333333333333333,-0.017016952857375145,0.9999781250953674
579,13,3,0.23076923076923078,-0.038624342530965805,0.9962530136108398
95,151,72,0.4768211920529801,0.0474986732006073,0.9080925583839417
580,524,221,0.4217557251908397,-0.04405248165130615,0.7718537449836731
399,22,13,0.5909090909090909,0.01880982331931591,0.9919036626815796
173,284,139,0.4894366197183099,-0.0533723421394825,0.8760223388671875
414,4,2,0.5,-0.0146930618211627,1.000251293182373
83,411,190,0.46228710462287104,-0.2245865762233734,0.8067962527275085
84,4,1,0.25,-0.02307315543293953,0.9996109008789062
581,105,66,0.6285714285714286,0.1591275930404663,0.94634610414505
582,803,553,0.688667496886675,0.7093700170516968,0.6811238527297974
502,128,64,0.5,-0.06698749214410782,0.9292829632759094
152,32,12,0.375,-0.09598669409751892,0.9819192886352539
512,176,84,0.4772727272727273,0.0054965149611234665,0.911585807800293
359,37,19,0.5135135135135135,-0.03848113864660263,0.9834437370300293
265,34,20,0.5882352941176471,0.12985368072986603,0.9891855716705322
85,12,4,0.3333333333333333,-0.040889922529459,0.9981935620307922
484,1,0,0.0,-0.005051752086728811,0.999957799911499
429,207,73,0.3526570048309179,-0.34296494722366333,0.8968816995620728
294,176,101,0.5738636363636364,0.1596757471561432,0.924863338470459
226,22,12,0.5454545454545454,0.038333870470523834,0.9955785870552063
583,198,103,0.5202020202020202,0.005295860581099987,0.8853639364242554
584,59,23,0.3898305084745763,-0.08845844119787216,0.9728415012359619
118,27,16,0.5925925925925926,0.09162458777427673,0.9879895448684692
33,20,11,0.55,-0.02521001175045967,0.9915115237236023
442,90,33,0.36666666666666664,-0.08689764142036438,0.9553595185279846
585,61,33,0.5409836065573771,0.08937358856201172,0.978705108165741
586,65,20,0.3076923076923077,-0.2018909454345703,0.9661046266555786
235,7,3,0.42857142857142855,-0.020176034420728683,0.9981048107147217
587,57,13,0.22807017543859648,-0.2267754077911377,0.970114529132843
588,659,290,0.4400606980273141,-0.06913017481565475,0.7414672374725342
88,38,15,0.39473684210526316,-0.06760603934526443,0.9754030108451843
589,13,7,0.5384615384615384,0.004949319642037153,0.9983283877372742
466,79,18,0.22784810126582278,-0.2659515142440796,0.9519090056419373
509,58,29,0.5,0.0036333955358713865,0.9714160561561584
482,3,2,0.6666666666666666,0.0035589246544986963,0.9998012185096741
231,3,3,1.0,0.025375712662935257,0.9999182820320129
590,295,177,0.6,0.26767784357070923,0.8259856700897217
337,9,0,0.0,-0.12602899968624115,0.9967142939567566
348,1,1,1.0,0.013288267888128757,0.999992847442627
321,2,1,0.5,-0.0020046294666826725,1.0000144243240356
262,2,2,1.0,0.016231602057814598,0.9995627403259277
591,34,15,0.4411764705882353,-0.12916550040245056,0.9721071124076843
592,21,9,0.42857142857142855,-0.11589299887418747,0.995895504951477
593,581,347,0.5972461273666093,0.5170403122901917,0.7413469552993774
594,2,0,0.0,-0.01228975597769022,0.9997078776359558
595,570,288,0.5052631578947369,-0.007010929752141237,0.765826404094696
596,186,102,0.5483870967741935,-0.08788471668958664,0.9118797779083252
214,213,138,0.647887323943662,0.23722997307777405,0.8594790101051331
238,7,4,0.5714285714285714,-0.0059964414685964584,0.9944683313369751
18,255,124,0.48627450980392156,-0.08898436278104782,0.9037805199623108
456,35,13,0.37142857142857144,-0.09373132139444351,0.9828920364379883
597,8,2,0.25,-0.04216446727514267,0.9965037107467651
598,223,72,0.32286995515695066,-0.4114842712879181,0.8790281414985657
329,3,2,0.6666666666666666,0.018795588985085487,0.9999030828475952
599,730,407,0.5575342465753425,0.24826204776763916,0.7030853033065796
378,66,21,0.3181818181818182,-0.24165429174900055,0.9644532203674316
87,117,46,0.39316239316239315,-0.10897896438837051,0.9419143199920654
489,6,1,0.16666666666666666,-0.038372527807950974,0.9985281825065613
600,168,85,0.5059523809523809,0.07509256154298782,0.9372499585151672
328,187,92,0.4919786096256685,0.09808081388473511,0.9005028009414673
291,5,2,0.4,-0.006406981963664293,0.9993529915809631
601,31,6,0.1935483870967742,-0.21251177787780762,0.9757973551750183
602,263,106,0.40304182509505704,-0.2026602327823639,0.8823845982551575
28,19,7,0.3684210526315789,-0.011987460777163506,0.9937697649002075
604,34,1,0.029411764705882353,-0.31001120805740356,0.9706544280052185
603,129,77,0.5968992248062015,0.117738738656044,0.9361830949783325
270,329,210,0.6382978723404256,0.3882938623428345,0.8321630358695984
605,9,4,0.4444444444444444,0.01128061767667532,0.998044490814209
606,268,105,0.3917910447761194,-0.2075994461774826,0.8902655839920044
607,687,402,0.5851528384279476,0.35725218057632446,0.7166793346405029
608,144,49,0.3402777777777778,-0.24077534675598145,0.9014558792114258
609,751,399,0.5312916111850865,0.25751060247421265,0.7293686270713806
610,292,183,0.6267123287671232,0.328648179769516,0.8474411964416504
320,10,6,0.6,-0.01722712628543377,0.9973104596138
611,414,191,0.4613526570048309,0.07184644043445587,0.7940475940704346
526,4,1,0.25,-0.014041880145668983,0.9996495842933655
612,100,45,0.45,-0.0910351574420929,0.9551935791969299
613,133,45,0.3383458646616541,-0.2465101182460785,0.9247422814369202
614,318,153,0.4811320754716981,-0.11303692311048508,0.8526936769485474
615,22,10,0.45454545454545453,-0.004625197499990463,0.9941515922546387
616,3,1,0.3333333333333333,-0.014171182177960873,0.99936842918396
617,1,0,0.0,-0.01239097025245428,0.9999930262565613
618,90,15,0.16666666666666666,-0.4550040066242218,0.9269837737083435
6,10,6,0.6,-0.004388469271361828,0.9979454874992371
464,6,1,0.16666666666666666,-0.037268172949552536,0.998111367225647
619,364,148,0.4065934065934066,-0.21513661742210388,0.8307794332504272
620,1,0,0.0,-0.01161143183708191,0.999999463558197
395,10,8,0.8,0.04354507848620415,0.9942554235458374
66,35,21,0.6,0.05441423878073692,0.9785202741622925
621,3,0,0.0,-0.0461195707321167,0.9994471073150635
622,14,2,0.14285714285714285,-0.128008171916008,0.9960819482803345
623,806,480,0.5955334987593052,0.6940950751304626,0.6896689534187317
624,2,0,0.0,-0.031233493238687515,0.9998541474342346
349,19,2,0.10526315789473684,-0.1689203381538391,0.9863054752349854
625,2,0,0.0,-0.015535630285739899,0.9995586276054382
626,37,19,0.5135135135135135,-0.014190362766385078,0.9836848974227905
222,70,25,0.35714285714285715,-0.17261241376399994,0.956484854221344
341,8,4,0.5,0.006560690701007843,0.9994809031486511
96,8,3,0.375,-0.03887033835053444,0.9995412826538086
627,16,6,0.375,-0.003529093461111188,0.9975268840789795
628,469,216,0.4605543710021322,-0.04191358759999275,0.786749005317688
629,11,6,0.5454545454545454,0.022160973399877548,0.9960322380065918
630,59,15,0.2542372881355932,-0.15965865552425385,0.9705005288124084
159,41,14,0.34146341463414637,-0.12120843678712845,0.9786107540130615
171,10,4,0.4,-0.014804675243794918,0.9969784617424011
469,1,0,0.0,-0.01111107412725687,1.0000046491622925
631,10,5,0.5,-0.016907697543501854,0.9926595687866211
369,35,16,0.45714285714285713,-0.0941377505660057,0.9854024648666382
632,2,0,0.0,-0.018458722159266472,0.999717652797699
25,6,5,0.8333333333333334,0.040217701345682144,0.9994231462478638
633,324,146,0.4506172839506173,-0.278982549905777,0.8484137058258057
71,74,39,0.527027027027027,0.05339742824435234,0.9532626271247864
634,61,8,0.13114754098360656,-0.3511991500854492,0.9524003267288208
123,40,15,0.375,-0.022018881514668465,0.9865188598632812
635,242,88,0.36363636363636365,-0.35303547978401184,0.8523075580596924
636,23,6,0.2608695652173913,-0.11624214798212051,0.9901376366615295
637,209,67,0.32057416267942584,-0.2911549508571625,0.8981132507324219
638,15,5,0.3333333333333333,-0.031340181827545166,0.9951111674308777
529,103,52,0.5048543689320388,0.10130057483911514,0.9542893767356873
639,46,18,0.391304347826087,-0.05391651391983032,0.969636857509613
640,277,135,0.48736462093862815,0.14247910678386688,0.863842785358429
641,213,96,0.4507042253521127,-0.10364791005849838,0.888952910900116
520,55,18,0.32727272727272727,-0.16791120171546936,0.9652101993560791
158,3,2,0.6666666666666666,0.012248492799699306,0.9994687438011169
642,3,1,0.3333333333333333,-0.009314511902630329,1.0000061988830566
379,5,3,0.6,-0.0155730489641428,0.9996936917304993
446,1,0,0.0,-0.009536811150610447,0.9999960064888
643,1,1,1.0,0.018288031220436096,0.9999924302101135
644,20,2,0.1,-0.17171986401081085,0.9775676727294922
151,1,1,1.0,0.009710555896162987,0.9998407363891602
645,397,152,0.38287153652392947,-0.27624163031578064,0.7903309464454651
646,190,76,0.4,-0.19584645330905914,0.894749641418457
648,192,83,0.4322916666666667,-0.11724697798490524,0.8973562717437744
647,225,71,0.31555555555555553,-0.36705073714256287,0.8531863689422607
472,4,1,0.25,-0.016111796721816063,0.9987224340438843
19,7,5,0.7142857142857143,0.025102810934185982,0.997901439666748
649,605,293,0.484297520661157,-0.009221208281815052,0.7298868298530579
650,41,8,0.1951219512195122,-0.27513864636421204,0.9822136759757996
651,736,329,0.4470108695652174,-0.3189777135848999,0.7052987813949585
652,60,16,0.26666666666666666,-0.27130186557769775,0.9636709094047546
653,79,18,0.22784810126582278,-0.3491251468658447,0.9395389556884766
654,6,0,0.0,-0.0462287999689579,0.9975141882896423
655,94,39,0.4148936170212766,-0.0034184774849563837,0.936676025390625
656,136,65,0.47794117647058826,-0.002173791639506817,0.923559308052063
657,497,190,0.3822937625754527,-0.20609106123447418,0.7584318518638611
658,7,1,0.14285714285714285,-0.05236745998263359,0.9948623180389404
659,57,18,0.3157894736842105,-0.16035471856594086,0.9618156552314758
660,114,46,0.40350877192982454,-0.09091027081012726,0.9235742688179016
661,16,3,0.1875,-0.08981847763061523,0.9922477602958679
662,149,64,0.42953020134228187,-0.18775871396064758,0.9171144962310791
663,54,27,0.5,0.06271365284919739,0.9727698564529419
664,4,1,0.25,-0.024126091971993446,0.999062180519104
665,16,2,0.125,-0.11415094882249832,0.9923703670501709
666,317,163,0.5141955835962145,0.2771166265010834,0.8501476049423218
667,3,0,0.0,-0.050251975655555725,1.0001226663589478
255,21,7,0.3333333333333333,-0.06648901849985123,0.9903545379638672
668,254,123,0.484251968503937,0.0037625450640916824,0.8459558486938477
669,317,174,0.5488958990536278,0.12172146886587143,0.8356261253356934
670,21,3,0.14285714285714285,-0.16932430863380432,0.9820045828819275
671,492,220,0.44715447154471544,-0.08912167698144913,0.7511182427406311
672,1,1,1.0,0.011925452388823032,1.0000003576278687
673,735,447,0.6081632653061224,0.5903751850128174,0.7126793265342712
674,340,180,0.5294117647058824,0.26247671246528625,0.8231443762779236
675,391,188,0.48081841432225064,0.010751357302069664,0.8369725346565247
280,37,14,0.3783783783783784,-0.1316913515329361,0.9892893433570862
676,12,4,0.3333333333333333,-0.052614130079746246,0.9945188164710999
677,1,0,0.0,-0.006818140856921673,0.999999463558197
678,19,8,0.42105263157894735,-0.036721017211675644,0.9929271340370178
492,68,28,0.4117647058823529,-0.10868483036756516,0.9635592699050903
679,454,270,0.5947136563876652,0.3624107837677002,0.7964808344841003
680,1,0,0.0,-0.0077314856462180614,0.9999446868896484
681,118,70,0.5932203389830508,0.30975353717803955,0.9437840580940247
682,353,201,0.5694050991501416,0.160607248544693,0.8197771310806274
683,302,160,0.5298013245033113,0.19194437563419342,0.8283328413963318
684,2,1,0.5,-0.006244862452149391,0.9995895624160767
685,89,51,0.5730337078651685,0.12087628245353699,0.9689537882804871
686,479,254,0.5302713987473904,0.14944034814834595,0.7924345135688782
687,9,2,0.2222222222222222,-0.044530708342790604,0.9923925995826721
688,7,2,0.2857142857142857,-0.015377544797956944,0.9991533756256104
689,45,19,0.4222222222222222,-0.08743612468242645,0.9733842611312866
690,55,19,0.34545454545454546,-0.1487639844417572,0.9590173959732056
691,350,166,0.4742857142857143,-0.11835001409053802,0.8466982841491699
692,62,18,0.2903225806451613,-0.1844383329153061,0.9632647037506104
449,35,10,0.2857142857142857,-0.08717194944620132,0.9850132465362549
693,9,0,0.0,-0.10177205502986908,0.9956535696983337
694,222,68,0.3063063063063063,-0.38973742723464966,0.8840238451957703
695,632,326,0.5158227848101266,0.1900855004787445,0.7357257008552551
441,17,11,0.6470588235294118,0.013755835592746735,0.9938874244689941
696,1,0,0.0,-0.00946915615350008,0.9999531507492065
697,7,1,0.14285714285714285,-0.04212168976664543,0.9965673089027405
698,84,28,0.3333333333333333,-0.2729514241218567,0.9310204982757568
699,5,3,0.6,0.009206649847328663,0.9986189603805542
700,322,137,0.4254658385093168,-0.1425800621509552,0.8611895442008972
701,24,2,0.08333333333333333,-0.223977193236351,0.9789727330207825
703,475,236,0.4968421052631579,-0.1252453774213791,0.7915751338005066
702,36,16,0.4444444444444444,-0.03582736849784851,0.9866118431091309
704,18,7,0.3888888888888889,-0.035534974187612534,0.9954507350921631
411,13,5,0.38461538461538464,-0.04355503246188164,0.9942967891693115
705,2,2,1.0,0.02033846080303192,0.999729335308075
706,85,42,0.49411764705882355,0.08881036937236786,0.9721693396568298
707,173,67,0.3872832369942196,-0.4151327311992645,0.8985497355461121
708,2,2,1.0,0.024028295651078224,0.9999979138374329
709,300,113,0.37666666666666665,-0.448858380317688,0.8291445374488831
710,408,153,0.375,-0.2917361557483673,0.8058549165725708
711,21,8,0.38095238095238093,-0.042149946093559265,0.9832108020782471
712,697,367,0.5265423242467718,0.2807249426841736,0.7301174402236938
713,5,1,0.2,-0.033489178866147995,0.9994381070137024
714,15,1,0.06666666666666667,-0.14564773440361023,0.9902448654174805
15,5,3,0.6,0.018963370472192764,0.997036337852478
715,1,0,0.0,-0.006806221790611744,0.9997326135635376
716,240,90,0.375,-0.2913636565208435,0.8579673171043396
717,1,1,1.0,0.013471649959683418,0.9999999403953552
718,1,0,0.0,-0.008074344135820866,0.999968409538269
720,105,36,0.34285714285714286,-0.3245428800582886,0.9253296852111816
719,1,1,1.0,0.010478855110704899,0.9999826550483704
722,1,0,0.0,-0.011942039243876934,0.9998769760131836
721,63,16,0.25396825396825395,-0.1808873414993286,0.9477302432060242
723,116,24,0.20689655172413793,-0.4820765554904938,0.9141324758529663
724,104,50,0.4807692307692308,0.0026515356730669737,0.9363551735877991
421,29,11,0.3793103448275862,-0.038878653198480606,0.9781046509742737
725,472,237,0.5021186440677966,0.10196097940206528,0.7965412139892578
727,615,366,0.5951219512195122,0.6248810887336731,0.7357991933822632
726,165,58,0.3515151515151515,-0.37530481815338135,0.9024890065193176
729,576,251,0.4357638888888889,-0.15044213831424713,0.7617195844650269
730,535,239,0.44672897196261685,-0.2566387355327606,0.7792139053344727
728,608,286,0.47039473684210525,0.11263370513916016,0.7782819867134094
731,255,101,0.396078431372549,-0.216476708650589,0.8657981753349304
732,98,32,0.32653061224489793,-0.1723666489124298,0.935198187828064
733,96,40,0.4166666666666667,-0.10679697245359421,0.934040904045105
734,154,57,0.37012987012987014,-0.2993348240852356,0.9022428393363953
735,3,2,0.6666666666666666,0.000241692119743675,0.9991043210029602
736,171,68,0.39766081871345027,-0.12383127957582474,0.9119282960891724
738,331,165,0.4984894259818731,0.08309023082256317,0.8457606434822083
737,126,51,0.40476190476190477,-0.2662075459957123,0.9213361740112305
739,36,18,0.5,-0.014041525311768055,0.9685789942741394
740,31,11,0.3548387096774194,-0.07687713950872421,0.9731699228286743
197,58,34,0.5862068965517241,0.1568906605243683,0.9657031297683716
741,174,73,0.41954022988505746,-0.13215337693691254,0.8996691703796387
742,714,434,0.6078431372549019,0.6022301316261292,0.7287673354148865
743,620,305,0.49193548387096775,-0.08259617537260056,0.7331412434577942
744,28,16,0.5714285714285714,0.056623250246047974,0.9750895500183105
745,134,43,0.3208955223880597,-0.27416926622390747,0.9285340905189514
746,9,3,0.3333333333333333,-0.03080577403306961,0.9978765845298767
747,11,3,0.2727272727272727,-0.029490340501070023,0.9939231872558594
748,262,121,0.4618320610687023,-0.13461194932460785,0.8679320216178894
749,104,46,0.4423076923076923,-0.08816736936569214,0.9413182735443115
750,130,57,0.43846153846153846,-0.03788596764206886,0.9238825440406799
751,23,5,0.21739130434782608,-0.17797471582889557,0.9839372634887695
752,578,300,0.5190311418685121,0.33331379294395447,0.7848246097564697
753,11,6,0.5454545454545454,0.019892200827598572,0.9908263087272644
754,216,113,0.5231481481481481,0.016550783067941666,0.8498767018318176
755,54,31,0.5740740740740741,0.1016601026058197,0.9590526223182678
756,69,19,0.2753623188405797,-0.24004121124744415,0.9540936350822449
757,12,5,0.4166666666666667,-0.03200426697731018,0.9973505139350891
758,73,22,0.3013698630136986,-0.25974082946777344,0.9596892595291138
759,1,0,0.0,-0.015005826018750668,0.999973475933075
760,4,1,0.25,-0.0226039569824934,0.9998552203178406
761,20,6,0.3,-0.09180478751659393,0.9925389885902405
762,3,3,1.0,0.02007679082453251,0.9967052936553955
763,3,2,0.6666666666666666,0.010282156057655811,1.001528263092041
764,227,132,0.5814977973568282,0.16005085408687592,0.8560823202133179
765,269,133,0.4944237918215613,0.041752345860004425,0.8764311671257019
766,161,82,0.5093167701863354,-0.07570227235555649,0.8903229236602783
767,63,21,0.3333333333333333,-0.19788357615470886,0.9597232937812805
768,8,1,0.125,-0.08559883385896683,0.9947726130485535
769,1,0,0.0,-0.012167103588581085,0.9998401999473572
770,4,0,0.0,-0.04194139689207077,0.9992474913597107
771,72,34,0.4722222222222222,0.05280193313956261,0.9541490077972412
772,86,36,0.4186046511627907,-0.03325891122221947,0.9631431698799133
773,10,7,0.7,0.038722191005945206,0.9920564889907837
774,20,10,0.5,0.04012301191687584,0.9958006739616394
775,9,5,0.5555555555555556,0.024388307705521584,1.0020639896392822
776,516,298,0.5775193798449613,0.2813425064086914,0.7968434691429138
777,64,26,0.40625,-0.09858943521976471,0.9715258479118347
295,30,7,0.23333333333333334,-0.169842928647995,0.9740992188453674
779,236,112,0.4745762711864407,0.0624271035194397,0.8560560345649719
780,493,317,0.6430020283975659,0.5697916746139526,0.7548540234565735
778,447,234,0.5234899328859061,0.19087085127830505,0.7895724773406982
781,40,14,0.35,-0.12821607291698456,0.9815044403076172
784,164,65,0.39634146341463417,-0.10613664239645004,0.9259499311447144
782,17,11,0.6470588235294118,0.06425643712282181,0.9983469247817993
783,1,0,0.0,-0.014923052862286568,1.000001311302185
785,407,234,0.5749385749385749,0.19430282711982727,0.8254244923591614
786,537,345,0.6424581005586593,0.3539732098579407,0.7961406111717224
787,460,295,0.6413043478260869,0.5046432614326477,0.7985115647315979
788,26,4,0.15384615384615385,-0.2331448793411255,0.9773097634315491
789,182,72,0.3956043956043956,-0.15462513267993927,0.8966456055641174
790,295,127,0.43050847457627117,-0.12487208843231201,0.8639909625053406
791,147,44,0.29931972789115646,-0.3557438552379608,0.9103469848632812
792,439,219,0.4988610478359909,0.2129134237766266,0.8226488828659058
793,25,5,0.2,-0.1677781045436859,0.9840894937515259
794,44,23,0.5227272727272727,0.09395091235637665,0.9685471057891846
795,3,1,0.3333333333333333,-0.022887039929628372,0.9998894333839417
796,162,78,0.48148148148148145,0.2241673469543457,0.9086177945137024
797,413,168,0.4067796610169492,-0.19734594225883484,0.8327193856239319
798,132,64,0.48484848484848486,0.10226833075284958,0.925029456615448
799,43,16,0.37209302325581395,-0.16367599368095398,0.9739082455635071
800,417,195,0.4676258992805755,-0.001791452057659626,0.8387382626533508
801,76,36,0.47368421052631576,-0.03785990923643112,0.9536284804344177
802,453,212,0.46799116997792495,-0.15051685273647308,0.8135524392127991
803,285,168,0.5894736842105263,-0.04008510336279869,0.8716879487037659
804,3,3,1.0,0.02859465405344963,0.9978098273277283
805,1,0,0.0,-0.007325311657041311,0.9996058344841003
806,302,167,0.5529801324503312,0.3133630156517029,0.856709361076355
807,46,30,0.6521739130434783,0.020165227353572845,0.9613419771194458
808,4,4,1.0,0.06322453171014786,1.0004661083221436
809,30,8,0.26666666666666666,-0.16216100752353668,0.9769943952560425
810,5,1,0.2,-0.028374696150422096,0.9993315935134888
811,14,5,0.35714285714285715,-0.026210114359855652,0.9907786846160889
812,75,35,0.4666666666666667,-0.04131266474723816,0.9406608939170837
813,8,3,0.375,-0.021823912858963013,0.9897837042808533
814,1,0,0.0,-0.014029836282134056,0.9999698400497437
815,53,20,0.37735849056603776,-0.09686989337205887,0.981248140335083
816,48,15,0.3125,-0.19174253940582275,0.9577927589416504
817,63,20,0.31746031746031744,-0.2919773757457733,0.9565038084983826
818,232,97,0.41810344827586204,-0.22060659527778625,0.8700469136238098
819,5,0,0.0,-0.0770992711186409,0.9961509704589844
820,16,9,0.5625,-0.02863897942006588,0.9869056940078735
821,43,18,0.4186046511627907,-0.04632740467786789,0.9697004556655884
822,185,107,0.5783783783783784,0.11216022074222565,0.9291011691093445
823,50,13,0.26,-0.22885100543498993,0.9713857173919678
824,29,5,0.1724137931034483,-0.2575342059135437,0.9787923097610474
825,58,16,0.27586206896551724,-0.12091252952814102,0.9533138275146484
826,280,109,0.3892857142857143,-0.298631489276886,0.8911356925964355
827,4,2,0.5,0.010019409470260143,0.9958968758583069
828,2,1,0.5,0.004536096937954426,1.001747727394104
829,1,0,0.0,-0.012432821094989777,0.9999728798866272
830,2,1,0.5,0.008960959501564503,1.0005016326904297
831,72,44,0.6111111111111112,0.08029831945896149,0.937044620513916
832,1,0,0.0,-0.01153192762285471,0.9999354481697083
833,1,1,1.0,0.01233048364520073,0.9998687505722046
834,55,23,0.41818181818181815,-0.11938490718603134,0.9631285667419434
835,2,0,0.0,-0.027537845075130463,0.9984023571014404
836,193,99,0.5129533678756477,-0.002699567936360836,0.9292597770690918
837,49,28,0.5714285714285714,0.08641006797552109,0.9730819463729858
838,627,408,0.6507177033492823,0.55379718542099,0.7545560598373413
839,80,25,0.3125,-0.19280900061130524,0.9355192184448242
840,354,220,0.6214689265536724,0.3901668190956116,0.8061953186988831
841,152,51,0.3355263157894737,-0.4070386588573456,0.9047491550445557
842,514,318,0.6186770428015564,0.4779829978942871,0.7630201578140259
843,92,17,0.18478260869565216,-0.5035570859909058,0.9228472709655762
844,61,25,0.4098360655737705,-0.10202489048242569,0.9637963771820068
845,379,152,0.40105540897097625,-0.13427099585533142,0.8172266483306885
847,239,116,0.48535564853556484,0.005228739697486162,0.8728814125061035
846,36,22,0.6111111111111112,0.16493961215019226,0.9772641062736511
848,116,49,0.4224137931034483,0.011868689209222794,0.9515385627746582
849,455,257,0.5648351648351648,0.2599855065345764,0.8149755597114563
850,45,18,0.4,0.0026961532421410084,0.9787618517875671
851,173,93,0.5375722543352601,0.1444016396999359,0.8748741149902344
852,464,216,0.46551724137931033,-0.021710537374019623,0.7885881662368774
853,213,102,0.4788732394366197,0.061272963881492615,0.8974583745002747
854,4,2,0.5,0.012145524844527245,0.9979604482650757
855,346,137,0.3959537572254335,-0.2430170476436615,0.85915607213974
856,415,202,0.4867469879518072,-0.17504572868347168,0.7924203872680664
858,6,5,0.8333333333333334,0.044130027294158936,0.9961271286010742
857,18,4,0.2222222222222222,-0.12206268310546875,0.9776738286018372
859,174,89,0.5114942528735632,-0.04215580224990845,0.9217075109481812
860,4,2,0.5,-0.0029762161429971457,0.996978759765625
861,381,229,0.6010498687664042,0.2924286127090454,0.8149019479751587
862,157,85,0.5414012738853503,0.16046616435050964,0.9186593294143677
863,408,181,0.44362745098039214,-0.05261817201972008,0.8331853151321411
864,45,21,0.4666666666666667,-0.07122176140546799,0.9810823202133179
865,19,13,0.6842105263157895,0.038531456142663956,0.9821926951408386
866,164,64,0.3902439024390244,0.1588004231452942,0.9324771761894226
867,67,13,0.19402985074626866,-0.36214056611061096,0.9428791999816895
868,49,12,0.24489795918367346,-0.2159031331539154,0.9661071300506592
869,10,5,0.5,0.01919805258512497,0.9956533312797546
870,18,10,0.5555555555555556,0.060849107801914215,0.9898114204406738
871,2,1,0.5,-0.005378912668675184,0.9962829351425171
872,29,13,0.4482758620689655,-0.1881777048110962,0.9879373908042908
873,27,10,0.37037037037037035,0.009401340037584305,0.9859532713890076
874,1,0,0.0,-0.007081308867782354,0.9992152452468872
875,51,27,0.5294117647058824,0.11895640194416046,0.9652583599090576
876,72,27,0.375,0.07363830506801605,0.9746197462081909
877,230,104,0.45217391304347826,-0.09132706373929977,0.8744812607765198
878,112,53,0.4732142857142857,-0.14785227179527283,0.939869225025177
879,186,102,0.5483870967741935,0.06754850596189499,0.9105621576309204
880,4,2,0.5,0.01951654814183712,1.000352144241333
881,3,1,0.3333333333333333,-0.0082370825111866,0.9998960494995117
882,4,3,0.75,0.04212811589241028,0.9992426633834839
883,10,5,0.5,-0.005215154029428959,0.9905990362167358
884,130,71,0.5461538461538461,-0.004845545627176762,0.9363678693771362
885,3,2,0.6666666666666666,0.0291117113083601,1.00155770778656
886,19,10,0.5263157894736842,0.04121038690209389,0.9874356985092163
887,6,1,0.16666666666666666,-0.04830002039670944,0.996024489402771
888,34,15,0.4411764705882353,-0.032323822379112244,0.9643185138702393
889,1,1,1.0,0.013889730907976627,0.9993270039558411
890,18,6,0.3333333333333333,-0.07556869834661484,0.9861441254615784
891,440,226,0.5136363636363637,0.2544097304344177,0.8145384192466736
892,379,165,0.43535620052770446,-0.06913895905017853,0.8238362073898315
893,186,51,0.27419354838709675,-0.5206397771835327,0.8892808556556702
894,328,203,0.6189024390243902,0.20619486272335052,0.8186207413673401
895,16,5,0.3125,-0.061494555324316025,0.9849725365638733
896,5,5,1.0,0.0640348419547081,0.9884963035583496
897,12,1,0.08333333333333333,-0.130714550614357,0.9847528338432312
898,65,20,0.3076923076923077,-0.2542618215084076,0.9510565400123596
899,23,8,0.34782608695652173,-0.05224180966615677,0.9834288358688354
900,42,17,0.40476190476190477,-0.11906088888645172,0.960077166557312
901,9,2,0.2222222222222222,-0.054062578827142715,0.9959641695022583
902,5,4,0.8,0.04355646297335625,0.9973708391189575
903,2,0,0.0,-0.03458881378173828,1.000101923942566
904,58,19,0.3275862068965517,-0.18046550452709198,0.9531674385070801
905,3,1,0.3333333333333333,-0.020480293780565262,0.9976410269737244
906,2,0,0.0,-0.034452103078365326,0.9993976354598999
907,138,70,0.5072463768115942,0.08438929170370102,0.9550295472145081
908,2,0,0.0,-0.028468120843172073,0.9981405735015869
909,4,0,0.0,-0.06610008329153061,0.9978734254837036
910,1,0,0.0,-0.015749836340546608,0.9999018907546997
911,111,59,0.5315315315315315,0.053774476051330566,0.927998423576355
912,7,5,0.7142857142857143,0.03480847179889679,0.9853362441062927
913,8,4,0.5,-0.029263056814670563,0.9962055087089539
914,1,1,1.0,0.016019299626350403,1.0001065731048584
915,1,0,0.0,-0.01699029840528965,1.0000003576278687
916,27,13,0.48148148148148145,-0.057840317487716675,0.992222249507904
917,358,204,0.5698324022346368,0.21814504265785217,0.8269758224487305
918,169,85,0.5029585798816568,0.2584989666938782,0.9284217953681946
919,76,33,0.4342105263157895,-0.18207663297653198,0.9247317314147949
920,269,140,0.5204460966542751,0.05022220313549042,0.8544715642929077
921,438,198,0.4520547945205479,-0.07698798179626465,0.7918000221252441
923,396,204,0.5151515151515151,0.1427319347858429,0.8292239308357239
922,450,252,0.56,0.4030499756336212,0.8436049222946167
924,299,113,0.3779264214046823,-0.2957167625427246,0.8565520644187927
925,165,65,0.3939393939393939,-0.2041464000940323,0.8994976282119751
926,349,180,0.5157593123209169,0.21362492442131042,0.8339754343032837
927,108,56,0.5185185185185185,-0.002709218068048358,0.9295958280563354
928,25,4,0.16,-0.17789623141288757,0.9647508263587952
929,207,101,0.48792270531400966,0.09582359343767166,0.8931851983070374
930,314,174,0.554140127388535,0.20366477966308594,0.868312656879425
931,19,2,0.10526315789473684,-0.18418224155902863,0.9765785932540894
932,257,158,0.6147859922178989,0.2368006557226181,0.8746861219406128
933,14,2,0.14285714285714285,-0.11642177402973175,0.9813674688339233
934,4,0,0.0,-0.05886167287826538,0.9966080188751221
935,402,218,0.5422885572139303,0.062083568423986435,0.8285201191902161
936,374,195,0.5213903743315508,0.2469773292541504,0.8306884765625
937,274,90,0.3284671532846715,-0.4216563403606415,0.8820578455924988
938,347,219,0.6311239193083573,0.23062241077423096,0.8780122399330139
939,40,9,0.225,-0.19180770218372345,0.9676544666290283
940,77,11,0.14285714285714285,-0.4557254910469055,0.931066632270813
941,446,238,0.5336322869955157,0.21073102951049805,0.7977145910263062
942,176,97,0.5511363636363636,0.1808309108018875,0.889519453048706
943,44,12,0.2727272727272727,-0.17328879237174988,0.9705685973167419
944,138,51,0.3695652173913043,-0.3238452672958374,0.9147990942001343
945,146,81,0.5547945205479452,0.01757149212062359,0.9236556887626648
946,4,1,0.25,-0.016475219279527664,1.0006840229034424
947,53,33,0.6226415094339622,0.02802868001163006,0.969548761844635
948,59,34,0.576271186440678,0.23858723044395447,0.9548370838165283
949,99,29,0.29292929292929293,-0.29600033164024353,0.9399041533470154
950,3,0,0.0,-0.04280685633420944,1.0013896226882935
951,171,69,0.40350877192982454,-0.18671341240406036,0.8868693709373474
952,10,5,0.5,-0.022699693217873573,0.9837038516998291
953,48,32,0.6666666666666666,0.11205429583787918,0.9655511379241943
954,24,8,0.3333333333333333,-0.0548839271068573,0.9753485918045044
955,127,31,0.2440944881889764,-0.28189989924430847,0.9324536919593811
956,41,20,0.4878048780487805,-0.024604137986898422,0.9626526236534119
957,31,8,0.25806451612903225,-0.1477506160736084,0.9731975197792053
958,10,4,0.4,-0.062323763966560364,0.989763617515564
959,71,25,0.352112676056338,-0.18565654754638672,0.9520265460014343
960,3,0,0.0,-0.03682846948504448,0.9969393610954285
961,3,1,0.3333333333333333,-0.013882922008633614,0.9949634671211243
962,7,2,0.2857142857142857,-0.02306906133890152,0.9953458905220032
963,257,99,0.3852140077821012,-0.031320489943027496,0.8886951804161072
964,267,158,0.5917602996254682,0.15562275052070618,0.8601324558258057
965,67,18,0.26865671641791045,-0.31597957015037537,0.9472471475601196
966,56,23,0.4107142857142857,-0.038063209503889084,0.974892795085907
967,3,1,0.3333333333333333,-0.00906013511121273,0.9956848621368408
968,99,39,0.3939393939393939,-0.1471167653799057,0.9486178755760193
969,117,77,0.6581196581196581,0.20173346996307373,0.9025165438652039
970,3,1,0.3333333333333333,-0.004869894590228796,0.9943369030952454
971,2,0,0.0,-0.024724971503019333,0.9970342516899109
972,2,0,0.0,-0.03460557386279106,0.9993373155593872
973,6,0,0.0,-0.10612352192401886,0.9931183457374573
974,3,1,0.3333333333333333,-0.013346513733267784,0.9976769089698792
975,3,1,0.3333333333333333,-0.0035554911009967327,0.9965503811836243
976,1,0,0.0,-0.011682102456688881,0.998017430305481
977,1,0,0.0,-0.011963754892349243,0.9985784292221069
978,1,0,0.0,-0.011963754892349243,0.9993273615837097
979,140,42,0.3,-0.31384268403053284,0.8927717208862305
980,2,1,0.5,0.004245053511112928,1.0000014305114746
981,2,1,0.5,-0.002278286963701248,0.9993028044700623
982,2,2,1.0,0.028811944648623466,0.9987737536430359
983,2,2,1.0,0.029065387323498726,0.9976422786712646
984,79,37,0.46835443037974683,-0.026905611157417297,0.9553784132003784
985,143,53,0.3706293706293706,-0.06956171244382858,0.9334137439727783
986,208,99,0.47596153846153844,0.0505053736269474,0.9237880706787109
987,288,129,0.4479166666666667,-0.13088996708393097,0.8683555722236633
988,322,148,0.45962732919254656,-0.07458492368459702,0.8394199013710022
990,150,77,0.5133333333333333,-0.13386015594005585,0.9462320804595947
991,115,68,0.591304347826087,0.14735466241836548,0.9197611808776855
989,277,155,0.5595667870036101,0.22787067294120789,0.8403336405754089
992,180,83,0.46111111111111114,-0.10280081629753113,0.9240809679031372
993,57,17,0.2982456140350877,-0.22537808120250702,0.9522727727890015
994,344,163,0.4738372093023256,0.20665809512138367,0.8428880572319031
995,257,118,0.4591439688715953,-0.07369475066661835,0.8715447783470154
996,109,44,0.4036697247706422,-0.25008079409599304,0.9421595931053162
997,121,65,0.5371900826446281,0.1467919796705246,0.9110555648803711
998,190,81,0.4263157894736842,-0.032748833298683167,0.9258332848548889
999,31,5,0.16129032258064516,-0.26955875754356384,0.9723872542381287
1000,12,6,0.5,0.021316561847925186,1.0104035139083862
1001,12,1,0.08333333333333333,-0.1120791882276535,0.984182596206665
1002,55,22,0.4,-0.14976957440376282,0.9764332175254822
1003,30,15,0.5,0.015959003940224648,0.9686865210533142
1004,65,32,0.49230769230769234,0.08677539229393005,0.9484951496124268
1005,43,10,0.23255813953488372,-0.22878091037273407,0.9575212001800537
1006,36,14,0.3888888888888889,-0.0688680037856102,0.9648268818855286
1007,208,137,0.6586538461538461,0.2107754349708557,0.906776487827301
1008,169,98,0.5798816568047337,0.03429071977734566,0.9265454411506653
1009,60,28,0.4666666666666667,-0.006554774008691311,0.9606318473815918
1010,146,38,0.2602739726027397,-0.31109485030174255,0.8921296000480652
1011,18,13,0.7222222222222222,0.11209247261285782,0.9748237133026123
1012,56,17,0.30357142857142855,-0.2342265397310257,0.9589946269989014
1013,106,55,0.5188679245283019,-0.004130087792873383,0.9561394453048706
1014,118,36,0.3050847457627119,-0.41025739908218384,0.8995944857597351
1015,19,5,0.2631578947368421,-0.09128140658140182,0.992297351360321
1016,3,1,0.3333333333333333,-0.012790022417902946,0.9957199692726135
1017,6,3,0.5,0.015769759193062782,1.0067757368087769
1018,259,170,0.6563706563706564,0.2508895993232727,0.9057607054710388
1019,74,43,0.581081081081081,-0.05446029454469681,0.9853995442390442
1020,5,2,0.4,-0.014619863592088223,1.0015010833740234
1021,30,8,0.26666666666666666,-0.1435142159461975,0.9856854677200317
1022,4,1,0.25,-0.03591126576066017,0.9983589053153992
1023,89,39,0.43820224719101125,-0.16618631780147552,0.9495088458061218
1024,17,10,0.5882352941176471,0.0686061754822731,0.9848857522010803
1025,24,12,0.5,-0.007486504968255758,0.9922499060630798
1026,208,92,0.4423076923076923,-0.06260287761688232,0.9209892153739929
1027,11,6,0.5454545454545454,-0.0027312971651554108,0.9979745745658875
1028,301,154,0.5116279069767442,-0.07242892682552338,0.8623318076133728
1029,185,99,0.5351351351351351,0.008684397675096989,0.9356350302696228
1030,12,5,0.4166666666666667,-0.013184395618736744,0.9933068752288818
1031,49,24,0.4897959183673469,-0.11616086214780807,0.9606643915176392
1032,1,0,0.0,-0.01552955899387598,0.9972491264343262
1033,11,2,0.18181818181818182,-0.16172350943088531,0.9956425428390503
1034,10,5,0.5,0.019231777638196945,0.9945217370986938
1035,56,31,0.5535714285714286,0.19331730902194977,0.9687899947166443
1036,46,16,0.34782608695652173,-0.020562781020998955,0.9727886915206909
1037,34,12,0.35294117647058826,-0.09237843006849289,0.9782198667526245
1038,7,3,0.42857142857142855,0.009032590314745903,1.0003483295440674
1039,131,65,0.4961832061068702,0.05687355250120163,0.9515790343284607
1040,99,55,0.5555555555555556,-0.02962438389658928,0.9702396988868713
1041,57,23,0.40350877192982454,-0.16841617226600647,0.9594542384147644
1042,38,14,0.3684210526315789,-0.22144168615341187,0.975098192691803
1043,37,18,0.4864864864864865,0.009079438634216785,0.9812524318695068
1044,71,16,0.22535211267605634,-0.4234873354434967,0.9520661234855652
1045,12,7,0.5833333333333334,0.06832186877727509,0.9989340901374817
1046,3,3,1.0,0.05209853872656822,0.9980317950248718
1047,1,1,1.0,0.014396573416888714,0.9995372891426086
1048,154,76,0.4935064935064935,0.17725439369678497,0.9389092326164246
1049,4,2,0.5,-0.003117829328402877,0.9946534633636475
1050,1,0,0.0,-0.018272481858730316,0.9971170425415039
1051,29,17,0.5862068965517241,0.10878502577543259,0.9788722991943359
1052,4,2,0.5,-0.0037723437417298555,0.9934649467468262
1053,55,22,0.4,-0.11634273082017899,0.9746967554092407
1054,16,6,0.375,-0.02822861447930336,0.998453676700592
1055,234,85,0.36324786324786323,-0.19638510048389435,0.8810916543006897
1056,64,25,0.390625,-0.19721442461013794,0.9578776359558105
1057,1,1,1.0,0.023913973942399025,0.9989264011383057
1058,1,1,1.0,0.02050352841615677,1.0000126361846924
1059,57,28,0.49122807017543857,-0.062092412263154984,0.9643320441246033
1060,2,1,0.5,0.005422825925052166,0.9980502128601074
1061,55,14,0.2545454545454545,-0.2804945409297943,0.9523926377296448
1062,226,107,0.47345132743362833,-0.05399574711918831,0.8916963338851929
1063,155,46,0.2967741935483871,-0.11097243428230286,0.9430302381515503
1064,180,79,0.4388888888888889,0.03455084562301636,0.9118493795394897
1065,145,32,0.2206896551724138,-0.44071245193481445,0.914107084274292
1066,223,68,0.30493273542600896,-0.43616214394569397,0.8835353255271912
1067,64,17,0.265625,-0.30538034439086914,0.9603564143180847
1068,103,24,0.23300970873786409,-0.4412635862827301,0.9227430820465088
1069,15,4,0.26666666666666666,-0.06578373908996582,0.9903656244277954
1070,223,135,0.6053811659192825,0.10199957340955734,0.8990408778190613
1071,2,0,0.0,-0.0405711904168129,0.997936487197876
1072,62,33,0.532258064516129,-0.028824754059314728,0.9862923622131348
1073,237,112,0.47257383966244726,-0.06794005632400513,0.924595296382904
1074,100,59,0.59,0.13749010860919952,0.9420967698097229
1075,65,35,0.5384615384615384,0.12628839910030365,0.9757223725318909
1076,35,14,0.4,-0.03417817875742912,0.9885592460632324
1077,151,37,0.24503311258278146,-0.5379909873008728,0.8855417966842651
1078,1,0,0.0,-0.015609907917678356,0.9996843934059143
1079,12,6,0.5,-0.012316973879933357,0.9870086908340454
1080,189,97,0.5132275132275133,0.20241770148277283,0.8952071070671082
1081,70,33,0.4714285714285714,0.09638398885726929,0.9647942781448364
1082,37,17,0.4594594594594595,0.04117535799741745,0.9844046831130981
1083,64,18,0.28125,-0.2347559928894043,0.952817440032959
1084,15,6,0.4,0.005709423217922449,0.999944269657135
1085,314,165,0.5254777070063694,-0.08656355738639832,0.876252293586731
1086,166,73,0.4397590361445783,0.05902252718806267,0.899604320526123
1087,1,0,0.0,-0.01721157319843769,0.99765944480896
1088,211,120,0.5687203791469194,0.44502338767051697,0.887523889541626
1089,134,40,0.29850746268656714,-0.18033838272094727,0.9422706365585327
1090,177,47,0.2655367231638418,-0.25775763392448425,0.9112823605537415
1091,62,19,0.3064516129032258,-0.12763696908950806,0.9481269121170044
1092,14,7,0.5,-0.133989617228508,1.0014547109603882
1093,5,0,0.0,-0.06424564123153687,0.990040123462677
1094,32,18,0.5625,0.046485401690006256,0.9611788392066956
1095,224,126,0.5625,0.04952482506632805,0.9345315098762512
1096,23,12,0.5217391304347826,-0.026859929785132408,0.985560417175293
1097,7,2,0.2857142857142857,-0.07340729981660843,0.9931344389915466
1098,93,54,0.5806451612903226,0.12563510239124298,0.9467705488204956
1099,6,0,0.0,-0.09093588590621948,0.9949457049369812
1100,45,16,0.35555555555555557,-0.12334609031677246,0.954380452632904
1101,9,1,0.1111111111111111,-0.12358556687831879,0.9869588613510132
1102,1,0,0.0,-0.012167614884674549,0.997169554233551
1103,65,21,0.3230769230769231,-0.18584617972373962,0.9587750434875488
1104,55,16,0.2909090909090909,-0.19698260724544525,0.9589058756828308
1105,7,2,0.2857142857142857,-0.038990844041109085,0.9939209222793579
1106,44,9,0.20454545454545456,-0.25818711519241333,0.9630770087242126
1107,65,25,0.38461538461538464,0.004760632757097483,0.9827225804328918
1108,1,0,0.0,-0.01919310912489891,1.0002073049545288
1109,1,0,0.0,-0.017904147505760193,0.9993748664855957
1110,30,12,0.4,-0.1406092345714569,0.9943269491195679
1111,3,1,0.3333333333333333,-0.045024555176496506,1.001895546913147
1112,1,0,0.0,-0.02231856994330883,0.9986615180969238
1113,8,3,0.375,0.00930231437087059,0.996339738368988
1114,1,0,0.0,-0.019586868584156036,0.9996156692504883
1115,36,18,0.5,-0.011518663726747036,0.9630014300346375
1116,20,5,0.25,-0.10030869394540787,0.9798681139945984
1117,21,8,0.38095238095238093,-0.09363852441310883,0.98838210105896
1118,171,77,0.4502923976608187,-0.14275427162647247,0.9400246143341064
1119,5,2,0.4,-0.014492616057395935,0.9963763952255249
1120,5,3,0.6,0.017534231767058372,0.9916074275970459
1121,3,1,0.3333333333333333,-0.01596556045114994,1.0090017318725586
1122,46,18,0.391304347826087,-0.12392781674861908,0.9526603817939758
1123,16,5,0.3125,-0.035026516765356064,0.9934262037277222
1125,6,5,0.8333333333333334,0.06038007140159607,0.9950407147407532
1124,61,17,0.2786885245901639,-0.1592969000339508,0.9556043148040771
1126,38,14,0.3684210526315789,-0.02590084634721279,0.9849701523780823
1127,3,2,0.6666666666666666,0.012323391623795033,0.9947845935821533
1128,125,38,0.304,-0.27022024989128113,0.9289815425872803
1129,7,2,0.2857142857142857,-0.05223480239510536,0.9852580428123474
1130,128,63,0.4921875,-0.06590909510850906,0.9699293375015259
1131,2,1,0.5,0.009153556078672409,0.9986544251441956
1132,2,0,0.0,-0.03607397899031639,1.0005143880844116
1133,1,1,1.0,0.011674833483994007,0.9992902278900146
1134,11,7,0.6363636363636364,0.027892667800188065,0.9948369264602661
1135,4,0,0.0,-0.06950156390666962,0.9862251877784729
1136,1,0,0.0,-0.02402799017727375,0.9948869347572327
1137,4,4,1.0,0.07010333240032196,0.9964084625244141
1138,54,30,0.5555555555555556,0.04650255665183067,0.9677141308784485
1139,6,3,0.5,0.005866226740181446,1.006900668144226
1140,1,1,1.0,0.02605266124010086,0.9977760910987854
1141,1,0,0.0,-0.014934626407921314,0.9972971081733704
1142,62,24,0.3870967741935484,-0.1729317605495453,0.9705272316932678
1143,214,103,0.48130841121495327,0.010483183898031712,0.907393753528595
1144,217,123,0.5668202764976958,0.3244723379611969,0.8985521793365479
1145,225,73,0.3244444444444444,-0.4671269655227661,0.906864583492279
1146,238,101,0.42436974789915966,-0.23555903136730194,0.914107084274292
1147,146,66,0.4520547945205479,-0.10482901334762573,0.9593901634216309
1148,220,114,0.5181818181818182,-0.16647732257843018,0.916146457195282
1149,226,116,0.5132743362831859,0.01368478313088417,0.9289218187332153
1150,57,18,0.3157894736842105,-0.19510877132415771,0.9543559551239014
1151,138,32,0.2318840579710145,-0.10374348610639572,0.9707910418510437
1152,148,48,0.32432432432432434,-0.30627578496932983,0.9299494624137878
1153,30,13,0.43333333333333335,0.06535347551107407,0.9928799867630005
1154,5,1,0.2,-0.037865716964006424,0.9884217977523804
1155,53,24,0.4528301886792453,0.02366955578327179,0.9844433665275574
1156,65,13,0.2,-0.06907439976930618,0.9938583970069885
1157,59,21,0.3559322033898305,-0.06604859232902527,0.9772973656654358
1158,15,6,0.4,-0.07138778269290924,0.9879315495491028
1159,131,60,0.4580152671755725,0.004789751023054123,0.9527926445007324
1160,2,0,0.0,-0.03825213015079498,1.002671718597412
1161,96,55,0.5729166666666666,0.2180149108171463,0.9496724605560303
1162,7,4,0.5714285714285714,-0.003528930712491274,0.9896233677864075
1163,32,12,0.375,-0.034843623638153076,0.9730426073074341
1164,23,14,0.6086956521739131,0.029753481969237328,0.9827119708061218
1165,4,2,0.5,0.0016682014102116227,0.990360677242279
1166,27,8,0.2962962962962963,-0.2034437507390976,0.9758461117744446
1167,57,22,0.38596491228070173,-0.07622221857309341,0.9904680252075195
1168,77,42,0.5454545454545454,-0.10967892408370972,0.9847316741943359
1170,1,0,0.0,-0.020669298246502876,0.994478166103363
1169,41,25,0.6097560975609756,0.15625062584877014,0.9669414758682251
1171,174,107,0.6149425287356322,0.3155960738658905,0.9396087527275085
1173,16,3,0.1875,-0.05193393677473068,0.9856760501861572
1172,3,1,0.3333333333333333,-0.005298171192407608,0.9901992082595825
1174,1,0,0.0,-0.016690196469426155,0.9956932663917542
1175,103,37,0.3592233009708738,-0.17218495905399323,0.934898316860199
1176,24,13,0.5416666666666666,0.03496638685464859,0.9896358251571655
1177,12,5,0.4166666666666667,0.020520415157079697,0.9965962171554565
1178,53,26,0.49056603773584906,0.03752613440155983,0.9779084920883179
1179,2,0,0.0,-0.041884202510118484,1.0021358728408813
1180,2,1,0.5,0.0017626902554184198,1.0028038024902344
1181,3,1,0.3333333333333333,-0.02245820313692093,1.001605749130249
1182,10,2,0.2,-0.0734991729259491,0.9866220355033875
1183,45,22,0.4888888888888889,0.002907032612711191,0.991077184677124
1184,20,8,0.4,-0.04993429780006409,0.9942845106124878
1185,9,6,0.6666666666666666,0.05412635579705238,0.9859892725944519
1186,1,1,1.0,0.02172987349331379,1.0053859949111938
1187,11,2,0.18181818181818182,-0.07397434115409851,0.9918116927146912
1188,10,7,0.7,0.07948716729879379,0.9872780442237854
1189,51,26,0.5098039215686274,0.09678219258785248,0.9733941555023193
1190,17,7,0.4117647058823529,-0.019038528203964233,0.9876442551612854
1191,4,0,0.0,-0.06091742962598801,0.9871955513954163
1192,2,1,0.5,-0.002638712525367737,0.9983938932418823
1193,12,6,0.5,-0.0026918957009911537,0.9867177605628967
1194,9,5,0.5555555555555556,-0.02927001751959324,0.9988554120063782
1195,11,6,0.5454545454545454,0.02061154879629612,0.9758825898170471
1196,4,2,0.5,0.02485918253660202,0.9997404217720032
1197,30,9,0.3,-0.132097527384758,0.9786853790283203
1198,9,1,0.1111111111111111,-0.10610603541135788,0.9864991903305054
1199,28,6,0.21428571428571427,-0.18918295204639435,0.9852401614189148
1200,10,4,0.4,-0.027433035895228386,0.9908492565155029
1201,121,64,0.5289256198347108,-0.07031667232513428,0.9762313365936279
1202,12,0,0.0,-0.18411312997341156,0.9805994033813477
1203,1,0,0.0,-0.018445586785674095,0.9983928799629211
1204,16,2,0.125,-0.17075735330581665,0.9786277413368225
1205,24,5,0.20833333333333334,-0.16381621360778809,0.9755284190177917
1206,1,0,0.0,-0.0208967924118042,0.9927271604537964
1207,3,1,0.3333333333333333,-0.02183830924332142,0.9919885396957397
1208,32,19,0.59375,0.11972468346357346,0.9772439002990723
1209,22,10,0.45454545454545453,-0.022309329360723495,0.9984145164489746
1210,3,0,0.0,-0.04459715262055397,0.9893691539764404
1211,6,0,0.0,-0.08883491158485413,0.9874933362007141
1213,5,1,0.2,-0.05701899528503418,0.9955143928527832
1212,33,6,0.18181818181818182,-0.1191464513540268,0.9725133180618286
1214,1,0,0.0,-0.019034551456570625,0.9954609870910645
1215,4,1,0.25,-0.03665294125676155,0.9935828447341919
1216,4,1,0.25,-0.03665294125676155,0.9975149035453796
1217,38,21,0.5526315789473685,-0.025115711614489555,0.9860196113586426
1218,95,49,0.5157894736842106,0.011107383295893669,0.9547601938247681
1219,1,0,0.0,-0.01674329861998558,0.9921532869338989
1220,1,0,0.0,-0.01674329861998558,0.993019163608551
1222,134,27,0.20149253731343283,-0.33157461881637573,0.9350077509880066
1221,159,80,0.5031446540880503,0.027864927425980568,0.9697221517562866
1223,155,60,0.3870967741935484,-0.17674162983894348,0.9578244090080261
1224,55,19,0.34545454545454546,-0.018346477299928665,0.9834072589874268
1225,126,31,0.24603174603174602,-0.220610111951828,0.9513416290283203
1226,19,8,0.42105263157894735,-0.06014549359679222,0.9797928929328918
1227,164,94,0.573170731707317,0.2375773787498474,0.9326793551445007
1228,40,11,0.275,-0.05586965009570122,0.9819267988204956
1229,145,89,0.6137931034482759,0.09359676390886307,0.9675939679145813
1230,61,15,0.2459016393442623,-0.1160365641117096,0.9680091142654419
1231,12,5,0.4166666666666667,-0.08443564921617508,0.9976711869239807
1232,127,64,0.5039370078740157,-0.041217103600502014,0.9756339192390442
1233,53,27,0.5094339622641509,-0.023084789514541626,0.9927211403846741
1234,12,2,0.16666666666666666,-0.121739961206913,0.9891185760498047
1235,19,4,0.21052631578947367,-0.10234710574150085,0.9874124526977539
1236,17,6,0.35294117647058826,-0.019036276265978813,0.9964815974235535
1237,2,1,0.5,-0.0021457853727042675,1.0101675987243652
1238,58,26,0.4482758620689655,-0.06633403897285461,1.0073041915893555
1239,27,14,0.5185185185185185,0.024996532127261162,0.986663818359375
1240,17,6,0.35294117647058826,0.005765936803072691,0.9955832362174988
1241,2,0,0.0,-0.033684637397527695,0.9944390058517456
1242,36,16,0.4444444444444444,-0.05639350786805153,0.9942036867141724
1243,62,23,0.3709677419354839,0.06826511025428772,0.9721460342407227
1244,1,1,1.0,0.023670559749007225,0.9915558099746704
1245,91,21,0.23076923076923078,-0.0916113331913948,0.9743629097938538
1246,2,0,0.0,-0.04102069512009621,1.001039981842041
1247,1,1,1.0,0.019030217081308365,0.9967370629310608
1248,6,2,0.3333333333333333,-0.00817787740379572,0.9855507016181946
1249,10,6,0.6,-0.020494461059570312,0.990033745765686
1250,39,17,0.4358974358974359,-0.00220372318290174,0.9886487722396851
1251,10,2,0.2,-0.05148107185959816,0.9923134446144104
1252,8,5,0.625,0.018051283434033394,0.9994561672210693
1253,7,2,0.2857142857142857,-0.025946468114852905,0.9884871244430542
1254,5,3,0.6,0.055416859686374664,1.0044784545898438
1255,21,5,0.23809523809523808,-0.034573547542095184,0.9931923151016235
1256,21,18,0.8571428571428571,0.07979264855384827,0.9856899976730347
1257,1,1,1.0,0.01952853798866272,0.9913871884346008
1258,4,2,0.5,-0.02327418141067028,1.0002409219741821
1259,36,16,0.4444444444444444,0.043858353048563004,0.9946436882019043
1260,50,13,0.26,-0.055211685597896576,0.9895669221878052
1261,1,0,0.0,-0.01833423040807247,0.9971253871917725
1262,2,0,0.0,-0.029897471889853477,0.9923336505889893
1263,11,4,0.36363636363636365,-0.021435657516121864,0.9931389689445496
1264,49,24,0.4897959183673469,-0.01500412542372942,0.9900740385055542
1265,12,3,0.25,-0.04985819384455681,0.9944326877593994
1266,62,18,0.2903225806451613,-0.00984034314751625,0.9971708059310913
1267,11,2,0.18181818181818182,-0.033850789070129395,0.9984919428825378
1268,4,0,0.0,-0.0425073467195034,0.9966915845870972
1269,1,0,0.0,-0.015942972153425217,1.0018631219863892
1270,6,2,0.3333333333333333,0.005958587862551212,0.9952071905136108
1271,4,3,0.75,0.03149887174367905,0.9976499676704407
1272,1,0,0.0,-0.014217114076018333,0.9976980090141296
1273,1,0,0.0,-0.014217114076018333,1.0010931491851807
1274,1,0,0.0,-0.01611318811774254,1.001025676727295
1275,1,0,0.0,-0.01611318811774254,0.9971395134925842
1276,1,0,0.0,-0.014369629323482513,1.0030337572097778
1279,1,1,1.0,0.014772388152778149,0.9974954128265381
1277,34,12,0.35294117647058826,-0.014772388152778149,1.0024054050445557
1278,1,0,0.0,-0.014772388152778149,0.9986779689788818
1280,38,6,0.15789473684210525,0.0,1.0
1281,92,63,0.6847826086956522,0.0,1.0
1282,71,19,0.2676056338028169,0.0,1.0
1283,32,6,0.1875,0.0,1.0
1284,42,23,0.5476190476190477,0.0,1.0
1285,25,13,0.52,0.0,1.0
1286,15,2,0.13333333333333333,0.0,1.0
1287,10,3,0.3,0.0,1.0
1288,1,1,1.0,0.0,1.0
1289,13,8,0.6153846153846154,0.0,1.0
1290,33,19,0.5757575757575758,0.0,1.0
1291,68,16,0.23529411764705882,0.0,1.0
1292,44,11,0.25,0.0,1.0
1293,23,14,0.6086956521739131,0.0,1.0
1294,14,3,0.21428571428571427,0.0,1.0
1295,49,11,0.22448979591836735,0.0,1.0
1297,17,0,0.0,0.0,1.0
1296,8,6,0.75,0.0,1.0
1298,6,3,0.5,0.0,1.0
1299,20,5,0.25,0.0,1.0
1300,28,17,0.6071428571428571,0.0,1.0
1301,17,10,0.5882352941176471,0.0,1.0
1302,1,0,0.0,0.0,1.0
1303,1,0,0.0,0.0,1.0
1304,2,2,1.0,0.0,1.0
1305,1,0,0.0,0.0,1.0
1306,23,7,0.30434782608695654,0.0,1.0
1307,5,1,0.2,0.0,1.0
1308,23,13,0.5652173913043478,0.0,1.0
1309,2,1,0.5,0.0,1.0
1310,16,3,0.1875,0.0,1.0
1311,18,4,0.2222222222222222,0.0,1.0
1312,14,5,0.35714285714285715,0.0,1.0
1313,29,6,0.20689655172413793,0.0,1.0
1314,3,0,0.0,0.0,1.0
1315,3,1,0.3333333333333333,0.0,1.0
1316,1,0,0.0,0.0,1.0
1317,23,5,0.21739130434782608,0.0,1.0
1318,21,6,0.2857142857142857,0.0,1.0
1319,11,1,0.09090909090909091,0.0,1.0
1320,6,1,0.16666666666666666,0.0,1.0
1321,1,0,0.0,0.0,1.0
1322,7,1,0.14285714285714285,0.0,1.0
1323,11,1,0.09090909090909091,0.0,1.0
1324,2,0,0.0,0.0,1.0
1325,8,1,0.125,0.0,1.0
1326,6,0,0.0,0.0,1.0
1327,5,2,0.4,0.0,1.0
1328,1,0,0.0,0.0,1.0
1329,12,2,0.16666666666666666,0.0,1.0
1330,3,1,0.3333333333333333,0.0,1.0
1331,4,0,0.0,0.0,1.0
1332,2,0,0.0,0.0,1.0
1333,1,0,0.0,0.0,1.0
1334,4,1,0.25,0.0,1.0
1335,1,1,1.0,0.0,1.0
1336,2,1,0.5,0.0,1.0
1337,1,1,1.0,0.0,1.0
1338,1,0,0.0,0.0,1.0
1339,1,0,0.0,0.0,1.0
1340,1,0,0.0,0.0,1.0
